country,1960,1961,1962,1963,1964,1965,1966,1967,1968,1969,1970,1971,1972,1973,1974,1975,1976,1977,1978,1979,1980,1981,1982,1983,1984,1985,1986,1987,1988,1989,1990,1991,1992,1993,1994,1995,1996,1997,1998,1999,2000,2001,2002,2003,2004,2005,2006,2007,2008,2009,2010,2011,2012,2013,2014,2015,2016,2017,2018,2019,2020,2021,2022,2023
Aruba,0,0,0,0,0,0,0,0,0,0,0,0,0,0,0,0,0,0,0,0,0,0,0,0,0,0,0,0,0,0,0,0,20.0,0,0,1720,3000.0,3400.0,5380,12000.0,15000,53000,61800,70000,98400.0,103000.0,109000,114000.0,121000.0,128000.0,132000,0.0,135000,139000,140000.0,141000.0,0,0.0,0.0,141000.0,141000,141000.0,0.0,0.0
Afghanistan,0,0,0,0,0,0,0,0,0,0,0,0,0,0,0,0,0,0,0,0,0,0,0,0,0,0,0,0,0,0,0,0,0.0,0,0,0,0.0,0.0,0,0.0,0,0,25000,200000,600000.0,1200000.0,2520000,4670000.0,7900000.0,10500000.0,10200000,13800000.0,15300000,16800000,18400000.0,19700000.0,21600000,23900000.0,22000000.0,22600000.0,22700000,22700000.0,22800000.0,23000000.0
Angola,0,0,0,0,0,0,0,0,0,0,0,0,0,0,0,0,0,0,0,0,0,0,0,0,0,0,0,0,0,0,0,0,0.0,1100,1820,1990,3300.0,7050.0,9820,24000.0,25800,75000,140000,350000,740000.0,1610000.0,3050000,4960000.0,6770000.0,8109999.999999999,9400000,12100000.0,12800000,13300000,14100000.0,13900000.0,13000000,13300000.0,13300000.0,14800000.0,14600000,15300000.0,23700000.0,25700000.0
Albania,0,0,0,0,0,0,0,0,0,0,0,0,0,0,0,0,0,0,0,0,0,0,0,0,0,0,0,0,0,0,0,0,0.0,0,0,0,2300.0,3300.0,5600,11000.0,29800,393000,851000,1100000,1260000.0,1530000.0,1910000,2320000.0,1860000.0,2460000.0,2690000,3100000.0,3500000,3690000,3360000.0,3400000.0,3370000,3630000.0,2710000.0,2630000.0,2620000,2640000.0,2780000.0,2610000.0
Andorra,0,0,0,0,0,0,0,0,0,0,0,0,0,0,0,0,0,0,0,0,0,0,0,0,0,0,0,0,0,0,0,0,770.0,780,784,2830,5490.0,8620.0,14100,20600.0,23500,29400,32800,51900,58400.0,64599.99999999999,69000,63500.0,64200.0,64500.0,65500,65000.0,63900,63900,66200.0,71300.0,76100,80300.0,82600.0,87900.0,80400,93800.0,114000.0,126000.0
UAE,0,0,0,0,0,0,0,0,0,0,0,0,0,0,0,0,0,0,0,0,0,0,2330,3560,4940,7920,11200,13700,13800,24900,33600,43000,48900.0,70600,91500,129000,194000.0,309000.0,493000,832000.0,1430000,1910000,2430000,2970000,3680000.0,4530000.0,5520000,7730000.0,9360000.0,10700000.0,10900000,11700000.0,13800000,16100000,16800000.0,17900000.0,19900000,19800000.0,20100000.0,19600000.0,18400000,18200000.0,20000000.0,21200000.0
Argentina,0,0,0,0,0,0,0,0,0,0,0,0,0,0,0,0,0,0,0,0,0,0,0,0,0,0,0,0,0,2300,12000,25000,46600.0,112000,241000,405000,667000.0,2010000.0,2670000,3850000.0,6490000,6740000,6570000,7840000,13500000.0,22200000.0,31500000,40400000.0,46500000.0,52500000.0,57100000,60700000.0,64300000,67400000,61200000.0,61800000.0,63700000,61900000.0,58600000.0,56400000.0,54800000,59100000.0,59700000.0,62700000.0
Armenia,0,0,0,0,0,0,0,0,0,0,0,0,0,0,0,0,0,0,0,0,0,0,0,0,0,0,0,0,0,0,0,0,0.0,0,0,0,300.0,5000.0,7830,8160.0,17500,25500,71300,114000,203000.0,318000.0,1260000,1880000.0,1440000.0,2190000.0,3870000,3210000.0,3320000,3350000,3460000.0,3460000.0,3430000,3490000.0,3580000.0,3620000.0,3490000,3600000.0,3760000.0,3960000.0
American Samoa,0,0,0,0,0,0,0,0,0,0,0,0,0,0,0,0,0,0,0,0,0,0,0,0,0,0,0,0,0,0,0,0,700.0,900,1200,1250,1300.0,1400.0,1500,1800.0,1990,2160,2040,2100,2250.0,0.0,0,0.0,0.0,0.0,0,0.0,0,0,0.0,0.0,0,0.0,0.0,0.0,0,0.0,0.0,0.0
Antigua and Barbuda,0,0,0,0,0,0,0,0,0,0,0,0,0,0,0,0,0,0,0,0,0,0,0,0,0,0,0,0,0,0,0,0,0.0,0,0,0,1300.0,1400.0,1500,8500.0,22000,25000,38200,46100,54000.0,86000.0,110000,112000.0,137000.0,135000.0,168000,176000.0,127000,114000,120000.0,176000.0,180000,184000.0,0.0,184000.0,184000,184000.0,0.0,0.0
Australia,0,0,0,0,0,0,0,0,0,0,0,0,0,0,0,0,0,0,0,0,0,0,0,0,0,0,0,4420,31600,94500,185000,291000,497000.0,690000,1220000,2240000,3990000.0,4580000.0,4920000,6320000.0,8560000,11100000,12700000,14300000,16500000.0,18400000.0,19800000,21300000.0,22100000.0,22200000.0,22500000,23800000.0,24300000,24900000,25100000.0,25800000.0,26600000,26700000.0,27600000.0,28000000.0,27000000,27300000.0,28700000.0,29100000.0
Austria,0,0,0,0,0,0,0,0,0,0,0,0,0,0,0,0,0,0,0,0,0,0,0,0,0,9760,19100,26200,36900,50700,73700,115000,172000.0,221000,278000,384000,599000.0,1160000.0,2290000,4250000.0,6120000,6540000,6740000,7270000,7990000.0,8670000.0,9280000,9910000.0,10800000.0,11400000.0,12200000,13000000.0,13600000,13300000,13000000.0,13500000.0,11100000,10900000.0,11000000.0,10700000.0,10700000,10900000.0,11000000.0,11100000.0
Azerbaijan,0,0,0,0,0,0,0,0,0,0,0,0,0,0,0,0,0,0,0,0,0,0,0,0,0,0,0,0,0,0,0,0,0.0,0,500,6000,17000.0,40000.0,65000,370000.0,420000,730000,794000,1060000,1460000.0,2240000.0,3320000,4520000.0,6550000.0,7760000.0,9100000,10100000.0,10100000,10100000,10600000.0,10700000.0,10200000,10100000.0,10300000.0,10800000.0,10300000,10800000.0,11100000.0,11000000.0
Burundi,0,0,0,0,0,0,0,0,0,0,0,0,0,0,0,0,0,0,0,0,0,0,0,0,0,0,0,0,0,0,0,0,0.0,353,378,564,561.0,619.0,620,800.0,16300,33400,52000,64000,101000.0,153000.0,200000,270000.0,481000.0,921000.0,1680000,1910000.0,2250000,2540000,3190000.0,5000000.0,5360000,5920000.0,6320000.0,6530000.0,6630000,7740000.0,7490000.0,8650000.0
Belgium,0,0,0,0,0,0,0,0,0,0,0,0,0,0,0,0,0,0,0,0,0,0,0,0,0,0,3800,7220,19200,30800,42900,51400,61500.0,67800,128000,235000,478000.0,974000.0,1760000,3190000.0,5630000,7700000,8100000,8610000,9130000.0,9600000.0,9850000,10700000.0,11300000.0,11800000.0,12200000,12500000.0,12300000,12300000,12700000.0,12800000.0,12600000,11400000.0,11400000.0,11500000.0,11500000,11700000.0,11800000.0,12100000.0
Benin,0,0,0,0,0,0,0,0,0,0,0,0,0,0,0,0,0,0,0,0,0,0,0,0,0,0,0,0,0,0,0,0,0.0,0,0,1050,2710.0,4300.0,6290,7270.0,55500,125000,219000,236000,459000.0,596000.0,1060000,2050000.0,3630000.0,5030000.0,7070000,7770000.0,8410000,9630000,8660000.0,9320000.0,8890000,8770000.0,9460000.0,10300000.0,11100000,12700000.0,14600000.0,16400000.0
Burkina Faso,0,0,0,0,0,0,0,0,0,0,0,0,0,0,0,0,0,0,0,0,0,0,0,0,0,0,0,0,0,0,0,0,0.0,0,0,0,525.0,1500.0,2730,5040.0,25200,76200,111000,238000,396000.0,634000.0,1020000,1860000.0,3020000.0,3820000.0,5710000,7680000.0,9980000,11200000,12500000.0,14400000.0,15400000,17900000.0,19300000.0,20400000.0,22100000,24700000.0,0.0,0.0
Bangladesh,0,0,0,0,0,0,0,0,0,0,0,0,0,0,0,0,0,0,0,0,0,0,0,0,0,0,0,0,0,0,0,0,250.0,500,1100,2500,4000.0,26000.0,75000,149000.0,279000,520000,1080000,1370000,2780000.0,9000000.0,19100000,34400000.0,44600000.0,51400000.0,67900000,84400000.0,97200000,117000000,127000000.0,131000000.0,136000000,151000000.0,162000000.0,166000000.0,176000000,184000000.0,186000000.0,191000000.0
Bulgaria,0,0,0,0,0,0,0,0,0,0,0,0,0,0,0,0,0,0,0,0,0,0,0,0,0,0,0,0,0,0,0,0,0.0,1000,6500,20900,26600.0,70000.0,127000,350000.0,738000,1550000,2600000,3500000,4730000.0,6240000.0,8250000,9900000.0,10400000.0,10500000.0,10200000,10500000.0,10800000,10500000,9490000.0,9190000.0,8970000,8530000.0,8390000.0,8130000.000000001,7950000,7900000.0,7960000.0,8010000.0
Bahrain,0,0,0,0,0,0,0,0,0,0,0,0,0,0,0,0,0,0,0,0,0,0,0,0,0,0,618,1710,2890,4250,5150,7350,9680.0,11400,17600,27600,40100.0,58500.0,92100,133000.0,206000,300000,389000,443000,650000.0,767000.0,907000,1120000.0,1440000.0,1400000.0,1570000,1690000.0,2120000,2210000,2330000.0,2520000.0,2990000,2360000.0,2090000.0,1920000.0,1770000,1920000.0,2140000.0,2420000.0
Bahamas,0,0,0,0,0,0,0,0,0,0,0,0,0,0,0,0,0,0,0,0,0,0,0,0,0,0,0,0,0,0,1920,2020,2600.0,2400,0,4100,4950.0,6200.0,8070,15900.0,31500,60600,122000,122000,186000.0,228000.0,253000,374000.0,358000.0,359000.0,428000,299000.0,300000,287000,315000.0,311000.0,360000,354000.0,389000.0,426000.0,466000,397000.0,404000.0,400000.0
Bosnia and Herzegovina,0,0,0,0,0,0,0,0,0,0,0,0,0,0,0,0,0,0,0,0,0,0,0,0,0,0,0,0,0,0,0,0,0.0,0,0,0,1500.0,9000.0,25200,52600.0,93400,445000,749000,1070000,1410000.0,1590000.0,1890000,2450000.0,3180000.0,3260000.0,3110000,3170000.0,3360000,3490000,3490000.0,3440000.0,3400000,3440000.0,3460000.0,3760000.0,3510000,3730000.0,3810000.0,3870000.0
Belarus,0,0,0,0,0,0,0,0,0,0,0,0,0,0,0,0,0,0,0,0,0,0,0,0,0,0,0,0,0,0,0,0,0.0,324,1720,5900,6550.0,8170.0,12200,23500.0,49400,138000,463000,1120000,2240000.0,4100000.0,5960000,6960000.0,8130000.000000001,9690000.0,10300000,10700000.0,10700000,11100000,11400000.0,11400000.0,11400000,11400000.0,11600000.0,11600000.0,11700000,11800000.0,11800000.0,11800000.0
Belize,0,0,0,0,0,0,0,0,0,0,0,0,0,0,0,0,0,0,0,0,0,0,0,0,0,0,0,0,0,0,0,0,0.0,400,832,1550,2180.0,2540.0,3540,6590.0,16800,39200,51700,60400,75000.0,96000.0,118000,118000.0,160000.0,162000.0,194000,222000.0,172000,175000,172000.0,212000.0,223000,239000.0,246000.0,255000.0,264000,264000.0,0.0,0.0
Bermuda,0,0,0,0,0,0,0,0,0,0,0,0,0,0,0,0,0,0,0,0,0,0,0,0,0,0,0,0,0,745,1110,1440,1940.0,3400,5130,6320,7980.0,10300.0,12600,12800.0,13000,13300,30000,40000,49000.0,52700.0,60100,69000.0,79000.0,85000.0,88200,0.0,91000,94300,59500.0,38000.0,63900,65000.0,0.0,67000.0,68000,68000.0,0.0,0.0
Bolivia,0,0,0,0,0,0,0,0,0,0,0,0,0,0,0,0,0,0,0,0,0,0,0,0,0,0,0,0,0,0,0,295,1550.0,2660,4060,7230,33400.0,118000.0,239000,420000.0,583000,780000,1020000,1280000,1800000.0,2420000.0,2880000,3250000.0,5040000.0,6460000.0,7180000,8350000.0,9490000,10400000,10500000.0,10200000.0,10100000,11000000.0,11400000.0,11700000.0,11800000,12000000.0,0.0,0.0
Brazil,0,0,0,0,0,0,0,0,0,0,0,0,0,0,0,0,0,0,0,0,0,0,0,0,0,0,0,0,0,0,667,6700,32000.0,182000,574000,1290000,2500000.0,4550000.0,7370000,15000000.0,23200000,28700000,34900000,46400000,65599999.99999999,86200000.0,99900000,121000000.0,151000000.0,169000000.0,197000000,234000000.0,248000000,271000000,281000000.0,258000000.0,244000000,221000000.0,209000000.0,202000000.0,206000000,220000000.0,213000000.0,213000000.0
Barbados,0,0,0,0,0,0,0,0,0,0,0,0,0,0,0,0,0,0,0,0,0,0,0,0,0,0,0,0,0,0,0,486,796.0,1560,2970,4610,6280.0,8010.0,12000,20300.0,28500,53100,97200,140000,200000.0,206000.0,237000,258000.0,289000.0,337000.0,350000,348000.0,349000,308000,305000.0,335000.0,332000,330000.0,329000.0,329000.0,295000,317000.0,323000.0,0.0
Brunei,0,0,0,0,0,0,0,0,0,0,0,0,0,0,0,0,0,0,0,0,0,0,0,0,0,0,0,0,0,0,1770,3030,4100.0,8300,15600,35900,43500.0,45000.0,49100,66000.0,95000,143000,154000,177000,202000.0,233000.0,301000,366000.0,399000.0,413000.0,435000,443000.0,470000,469000,452000.0,463000.0,523000,545000.0,566000.0,575000.0,537000,603000.0,529000.0,541000.0
Bhutan,0,0,0,0,0,0,0,0,0,0,0,0,0,0,0,0,0,0,0,0,0,0,0,0,0,0,0,0,0,0,0,0,0.0,0,0,0,0.0,0.0,0,0.0,0,0,0,2260,19100.0,36000.0,82100,149000.0,253000.0,339000.0,394000,484000.0,561000,544000,625000.0,676000.0,698000,731000.0,704000.0,729000.0,745000,778000.0,743000.0,752000.0
Botswana,0,0,0,0,0,0,0,0,0,0,0,0,0,0,0,0,0,0,0,0,0,0,0,0,0,0,0,0,0,0,0,0,0.0,0,0,0,0.0,0.0,15200,92000.0,222000,332000,332000,445000,523000.0,564000.0,823000,1150000.0,1490000.0,1870000.0,2360000,2900000.0,3080000,3250000,3410000.0,3480000.0,3290000,3240000.0,3380000.0,3750000.0,3830000,4160000.0,4350000.0,4440000.0
Central African Republic,0,0,0,0,0,0,0,0,0,0,0,0,0,0,0,0,0,0,0,0,0,0,0,0,0,0,0,0,0,0,0,0,0.0,0,0,44,1070.0,1370.0,1630,4160.0,4970,11000,12600,40000,60000.0,100000.0,110000,340000.0,570000.0,864000.0,979000,992000.0,1140000,1360000,1160000.0,1240000.0,1250000,1180000.0,1280000.0,1600000.0,1830000,1830000.0,0.0,0.0
Canada,0,0,0,0,0,0,0,0,0,0,0,0,0,0,0,0,0,0,0,0,0,0,0,0,0,12000,60000,98400,203000,345000,584000,776000,1030000.0,1330000,1870000,2590000,3500000.0,4200000.0,5350000,6910000.0,8730000,10600000,11900000,13300000,15000000.0,17000000.0,18700000,20300000.0,22100000.0,23800000.0,25800000,26800000.0,27700000,28400000,28800000.0,29800000.0,30800000,31700000.0,33200000.0,34400000.0,32400000,33600000.0,35400000.0,36500000.0
Switzerland,0,0,0,0,0,0,0,0,0,0,0,0,0,0,0,0,0,0,0,0,0,0,0,0,0,0,0,5480,30800,72700,125000,175000,215000.0,258000,332000,447000,663000.0,1040000.0,1700000,3060000.0,4640000,5280000,5740000,6190000,6270000.0,6830000.0,7440000,8210000.000000001,8900000.0,9320000.0,9640000,10100000.0,10600000,11000000,11200000.0,11200000.0,11200000,11100000.0,10800000.0,10900000.0,11000000,10700000.0,10900000.0,10900000.0
Chile,0,0,0,0,0,0,0,0,0,0,0,0,0,0,0,0,0,0,0,0,0,0,0,0,0,0,0,0,0,4890,13900,36100,64400.00000000001,85200,116000,197000,319000.0,410000.0,964000,2260000.0,3400000,5100000,6240000,7270000,9260000.0,10600000.0,12500000,14000000.0,14800000.0,16500000.0,19900000,22300000.0,23900000,23700000,23700000.0,23200000.0,23300000,23000000.0,25200000.0,25100000.0,25100000,26600000.0,26400000.0,26700000.0
China,0,0,0,0,0,0,0,0,0,0,0,0,0,0,0,0,0,0,0,0,0,0,0,0,0,0,0,700,3230,9810,18300,47500,177000.0,638000,1570000,3630000,6850000.0,13200000.0,23900000,43300000.0,85300000,145000000,206000000,270000000,335000000.0,393000000.0,461000000,547000000.0,641000000.0,747000000.0,859000000,986000000.0,1110000000,1230000000,1290000000.0,1290000000.0,1360000000,1470000000.0,1650000000.0,1750000000.0,1720000000,1730000000.0,1770000000.0,1810000000.0
Cote d'Ivoire,0,0,0,0,0,0,0,0,0,0,0,0,0,0,0,0,0,0,0,0,0,0,0,0,0,0,0,0,0,0,0,0,0.0,0,0,0,13500.0,36000.0,91200,257000.0,473000,729000,1030000,1280000,1670000.0,2350000.0,4070000,7470000.0,10400000.0,13200000.0,15600000,17300000.0,18100000,19400000,22100000.0,25400000.0,27500000,31700000.0,33800000.0,37400000.0,40100000,44600000.0,49000000.0,53600000.0
Cameroon,0,0,0,0,0,0,0,0,0,0,0,0,0,0,0,0,0,0,0,0,0,0,0,0,0,0,0,0,0,0,0,0,0.0,0,1600,2800,3500.0,4200.0,5000,6000.0,103000,417000,702000,1080000,1530000.0,2250000.0,3140000,4540000.0,6160000.0,8000000.0,8640000,10500000.0,13100000,15700000,17000000.0,18200000.0,18700000,20100000.0,18500000.0,21400000.0,22400000,21800000.0,24800000.0,26200000.0
"Congo, Dem. Rep.",0,0,0,0,0,0,0,0,0,0,0,0,0,0,0,0,0,0,0,0,0,0,0,0,0,0,0,0,0,0,0,0,0.0,0,0,8500,7200.0,8900.0,10000,12000.0,15000,150000,560000,1250000,1990000.0,2750000.0,4420000,6590000.0,9940000.0,9460000.0,11800000,15600000.0,20100000,28200000,37100000.0,37800000.0,28900000,35400000.0,36500000.0,37100000.0,40800000,46900000.0,49800000.0,0.0
"Congo, Rep.",0,0,0,0,0,0,0,0,0,0,0,0,0,0,0,0,0,0,0,0,0,0,0,0,0,0,0,0,0,0,0,0,0.0,0,0,0,1000.0,0.0,3390,5000.0,70000,150000,222000,330000,384000.0,558000.0,917000,1290000.0,1810000.0,2950000.0,3720000,3880000.0,4280000,4660000,4930000.0,5220000.0,5420000,5060000.0,5000000.0,5110000.0,5620000,5650000.0,5650000.0,5870000.0
Colombia,0,0,0,0,0,0,0,0,0,0,0,0,0,0,0,0,0,0,0,0,0,0,0,0,0,0,0,0,0,0,0,0,0.0,0,86800,275000,523000.0,1260000.0,1800000,1970000.0,2260000,3270000,4600000,6190000,10400000.0,21900000.0,29800000,33900000.0,41400000.0,42200000.0,44500000,46200000.0,49100000,50300000,55300000.0,57300000.0,58700000,62200000.0,64500000.0,66300000.0,67700000,75100000.0,80800000.0,87400000.0
Comoros,0,0,0,0,0,0,0,0,0,0,0,0,0,0,0,0,0,0,0,0,0,0,0,0,0,0,0,0,0,0,0,0,0.0,0,0,0,0.0,0.0,0,0.0,0,0,0,2000,8380.0,15500.0,36900,62100.0,91700.0,123000.0,165000,216000.0,284000,348000,383000.0,425000.0,454000,469000.0,499000.0,575000.0,782000,853000.0,839000.0,934000.0
Cape Verde,0,0,0,0,0,0,0,0,0,0,0,0,0,0,0,0,0,0,0,0,0,0,0,0,0,0,0,0,0,0,0,0,0.0,0,0,0,0.0,20.0,1020,8070.0,19700,31500,42900,53300,65800.0,81700.0,109000,152000.0,278000.0,291000.0,372000,396000.0,425000,499000,613000.0,611000.0,602000,612000.0,610000.0,596000.0,545000,590000.0,589000.0,590000.0
Costa Rica,0,0,0,0,0,0,0,0,0,0,0,0,0,0,0,0,0,0,0,0,0,0,0,0,0,0,0,0,0,0,0,0,3010.0,4530,6990,18800,46500.0,64400.00000000001,109000,138000.0,212000,327000,502000,778000,923000.0,1100000.0,1440000,1510000.0,1890000.0,1950000.0,3130000,4150000.0,5380000,7110000,7020000.0,7540000.0,8330000,8840000.0,8500000.0,7310000.0,7510000,7830000.0,7880000.0,7440000.0
Cuba,0,0,0,0,0,0,0,0,0,0,0,0,0,0,0,0,0,0,0,0,0,0,0,0,0,0,0,0,0,0,0,0,234.0,500,1150,1940,2430.0,2990.0,4060,5140.0,6540,8580,17900,35400,75800.0,136000.0,153000,198000.0,332000.0,621000.0,1000000,1320000.0,1680000,2000000,2530000.0,3340000.0,3990000,4610000.0,5370000.0,6040000.0,6660000,7100000.0,7600000.0,7670000.0
Cayman Islands,0,0,0,0,0,0,0,0,0,0,0,0,0,0,0,0,0,0,0,0,0,0,0,0,0,0,0,0,0,0,0,559,988.0,1260,1810,2530,0.0,4110.0,5170,8410.0,10700,17000,19000,21000,33800.0,80900.0,92600,101000.0,98300.0,109000.0,101000,96800.0,98800,98000,91100.0,93200.0,95700,96700.0,0.0,99000.0,100000,100000.0,0.0,0.0
Cyprus,0,0,0,0,0,0,0,0,0,0,0,0,0,0,0,0,0,0,0,0,0,0,0,0,0,0,0,0,168,1350,3160,5130,9740.0,15300,22900,44500,70800.0,92000.0,116000,152000.0,218000,314000,418000,552000,658000.0,783000.0,868000,988000.0,1020000.0,978000.0,1030000,1090000.0,1110000,1100000,1110000.0,1110000.0,1130000,1180000.0,1200000.0,1240000.0,1240000,1320000.0,1390000.0,1430000.0
Czech Republic,0,0,0,0,0,0,0,0,0,0,0,0,0,0,0,0,0,0,0,0,0,0,0,0,0,0,0,0,0,0,0,1240,4650.0,14000,30400,48900,200000.0,526000.0,965000,1940000.0,4350000,6950000,8610000,9710000,10800000.0,11800000.0,12400000,13200000.0,13800000.0,13100000.0,12900000,13200000.0,13500000,13700000,13900000.0,12500000.0,12500000,12600000.0,12700000.0,13100000.0,13000000,13300000.0,13700000.0,13600000.0
Germany,0,0,0,0,0,0,0,0,0,0,0,0,0,0,0,0,0,0,0,0,0,0,0,0,0,1080,23800,48700,98800,164000,273000,532000,972000.0,1770000,2490000,3730000,5510000.0,8279999.999999999,13900000,23400000.0,48200000,56100000,59100000,64800000,71300000.0,79300000.0,85700000,96200000.0,106000000.0,105000000.0,88400000,90900000.0,92400000,100000000,99500000.0,96400000.0,103000000,110000000.0,108000000.0,107000000.0,107000000,106000000.0,104000000.0,105000000.0
Djibouti,0,0,0,0,0,0,0,0,0,0,0,0,0,0,0,0,0,0,0,0,0,0,0,0,0,0,0,0,0,0,0,0,0.0,0,0,0,110.0,203.0,220,280.0,230,3000,15000,23000,34500.0,44100.0,44800,69500.0,113000.0,129000.0,166000,193000.0,212000,244000,287000.0,314000.0,345000,373000.0,395000.0,414000.0,434000,489000.0,532000.0,574000.0
Dominica,0,0,0,0,0,0,0,0,0,0,0,0,0,0,0,0,0,0,0,0,0,0,0,0,0,0,0,0,0,0,0,0,0.0,0,0,0,461.0,556.0,650,800.0,1200,7710,12200,23800,41800.0,52000.0,71500,89000.0,91000.0,98500.0,106000,109000.0,109000,93600,73900.0,77300.0,78400,75200.0,76800.0,78100.0,74600,62200.0,56900.0,0.0
Denmark,0,0,0,0,0,0,0,0,0,0,0,0,0,0,0,0,0,0,0,0,0,0,7200,16100,30600,46100,57600,77400,101000,124000,148000,176000,211000.0,358000,504000,822000,1320000.0,1440000.0,1930000,2630000.0,3360000,3960000,4480000,4770000,5170000.0,5450000.0,5830000,6310000.0,6560000.0,6830000.0,6420000,7170000.0,7290000,7030000,7160000.0,7080000.0,6990000,7140000.0,7220000.0,7240000.0,7250000,7360000.0,7470000.0,7500000.0
Dominican Republic,0,0,0,0,0,0,0,0,0,0,0,0,0,0,0,0,0,0,0,0,0,0,0,0,0,0,0,0,0,0,3170,5610,7190.0,10400,21000,56000,82500.0,142000.0,209000,424000.0,705000,1270000,1700000,2090000,2530000.0,3620000.0,4610000,5510000.0,7210000.0,8630000.0,8890000,8770000.0,8930000,9200000,8300000.000000001,8800000.0,8710000,8770000.0,8940000.0,8950000.0,8990000,9740000.0,10100000.0,10400000.0
Algeria,0,0,0,0,0,0,0,0,0,0,0,0,0,0,0,0,0,0,0,0,0,0,0,0,0,0,0,0,0,0,470,4780,4780.0,4780,1350,4690,11700.0,17400.0,18000,72000.0,86000,100000,450000,1450000,4880000.0,13700000.0,21000000,27600000.0,27000000.0,32700000.0,32800000,35600000.0,37500000,39500000,43300000.0,43200000.0,47000000,45800000.0,47200000.0,45400000.0,45600000,47000000.0,49000000.0,51500000.0
Ecuador,0,0,0,0,0,0,0,0,0,0,0,0,0,0,0,0,0,0,0,0,0,0,0,0,0,0,0,0,0,0,0,0,0.0,0,18900,54400,59800.0,127000.0,243000,383000.0,482000,859000,1560000,2400000,3540000.0,6250000.0,8490000,9940000.0,11700000.0,13200000.0,14800000,15300000.0,16500000,16600000,16600000.0,12900000.0,13900000,14700000.0,15800000.0,15900000.0,15500000,16800000.0,17500000.0,18200000.0
Egypt,0,0,0,0,0,0,0,0,0,0,0,0,0,0,0,0,0,0,0,0,0,0,0,0,0,0,0,2630,3020,3620,4000,4500,4910.0,6880,7370,7370,7370.0,65400.00000000001,90800,481000.0,1360000,2790000,4490000,5800000,7640000.0,13600000.0,18000000,30100000.0,41300000.0,55400000.0,70700000,83400000.0,96800000,99700000,95300000.0,94000000.0,97800000,103000000.0,93800000.0,95300000.0,95400000,93300000.0,102000000.0,106000000.0
Eritrea,0,0,0,0,0,0,0,0,0,0,0,0,0,0,0,0,0,0,0,0,0,0,0,0,0,0,0,0,0,0,0,0,0.0,0,0,0,0.0,0.0,0,0.0,0,0,0,0,20000.0,40400.0,62000,84300.0,109000.0,141000.0,185000,242000.0,305000,355000,417000.0,475000.0,506000,695000.0,0.0,1310000.0,1800000,1800000.0,0.0,0.0
Spain,0,0,0,0,0,0,0,0,0,0,0,0,0,0,0,0,0,0,0,0,0,0,0,0,0,0,1700,4200,11600,29800,54700,108000,180000.0,257000,412000,945000,3000000.0,4340000.0,6440000,15000000.0,24300000,29700000,33500000,37200000,38600000.0,42700000.0,45700000,48400000.0,49600000.0,51100000.0,51400000,52600000.0,50700000,50200000,50800000.0,51100000.0,51500000,52500000.0,54200000.0,55400000.0,55600000,56800000.0,59000000.0,61200000.0
Estonia,0,0,0,0,0,0,0,0,0,0,0,0,0,0,0,0,0,0,0,0,0,0,0,0,0,0,0,0,0,0,0,570,2500.0,7220,13800,30500,69500.0,144000.0,247000,387000.0,557000,651000,881000,1050000,1260000.0,1450000.0,1660000,1680000.0,1620000.0,1570000.0,1650000,1810000.0,2000000,1930000,1900000.0,1900000.0,1900000,1900000.0,1920000.0,1950000.0,1930000,1980000.0,2060000.0,2050000.0
Ethiopia,0,0,0,0,0,0,0,0,0,0,0,0,0,0,0,0,0,0,0,0,0,0,0,0,0,0,0,0,0,0,0,0,0.0,0,0,0,0.0,0.0,0,6740.0,17800,27500,50400,51300,156000.0,411000.0,867000,1210000.0,1950000.0,4050000.0,6850000,14100000.0,20500000,25600000,30500000.0,42300000.0,51200000,39600000.0,0.0,41900000.0,44500000,64500000.0,71400000.0,0.0
Finland,0,0,0,0,0,0,0,0,0,0,0,0,0,0,0,0,0,0,0,0,23500,28300,33900,42200,52000,67600,85300,106000,138000,190000,258000,319000,386000.0,489000,676000,1040000,1500000.0,2160000.0,2850000,3270000.0,3730000,4180000,4520000,4750000,4990000.0,5270000.0,5670000,6080000.0,6830000.0,7700000.0,8390000,8940000.0,9320000,7410000,7600000.0,7400000.0,7220000,7160000.0,7150000.0,7150000.0,7120000,7150000.0,7130000.0,7140000.0
Fiji,0,0,0,0,0,0,0,0,0,0,0,0,0,0,0,0,0,0,0,0,0,0,0,0,0,0,0,0,0,0,0,0,0.0,0,1100,2200,3700.0,5200.0,8000,23400.0,55100,80900,89900,110000,142000.0,205000.0,285000,530000.0,600000.0,640000.0,698000,727000.0,859000,930000,876000.0,966000.0,1040000,1030000.0,1020000.0,1030000.0,992000,992000.0,0.0,0.0
France,0,0,0,0,0,0,0,0,0,0,0,0,0,0,0,0,0,0,0,0,0,0,0,0,0,0,9060,39200,98300,178000,283000,375000,437000.0,572000,883000,1300000,2460000.0,5820000.0,11200000,21400000.0,29100000,37000000,38600000,41700000,44500000.0,48100000.0,51700000,55400000.0,58000000.0,57900000.0,57800000,59800000.0,62300000,63300000,65400000.00000001,66700000.0,67600000,69000000.0,70400000.0,72000000.0,72800000,75300000.0,76800000.0,77400000.0
Faeroe Islands,0,0,0,0,0,0,0,0,0,0,0,0,0,0,0,0,0,0,0,0,0,0,0,0,0,0,0,0,0,0,0,1430,1720.0,1610,1960,2560,3270.0,4700.0,6520,10800.0,17000,24500,34700,38000,41300.0,42000.0,50000,52200.0,54900.0,57000.0,59400,58500.0,58700,57800,58300.0,53200.0,54500,56600.0,56800.0,55000.0,59200,59200.0,0.0,0.0
"Micronesia, Fed. Sts.",0,0,0,0,0,0,0,0,0,0,0,0,0,0,0,0,0,0,0,0,0,0,0,0,0,0,0,0,0,0,0,0,0.0,0,0,0,0.0,0.0,0,0.0,0,0,100,5870,12800.0,14100.0,18600,27400.0,27500.0,27500.0,27500,27600.0,31200,31400,0.0,22500.0,23400,23100.0,0.0,23000.0,22000,22000.0,0.0,0.0
Gabon,0,0,0,0,0,0,0,0,0,0,0,0,0,0,0,0,0,0,0,0,0,0,0,0,0,0,0,0,0,0,0,0,280.0,1200,2580,4000,6800.0,9500.0,9690,8890.0,120000,150000,279000,300000,489000.0,737000.0,898000,1170000.0,1300000.0,1450000.0,1610000,2370000.0,2560000,2750000,2930000.0,2820000.0,2960000,2660000.0,2930000.0,2990000.0,3050000,3140000.0,3000000.0,0.0
UK,0,0,0,0,0,0,0,0,0,0,0,0,0,0,0,0,0,0,0,0,0,0,0,0,0,50000,130000,290000,560000,975000,1110000,1260000,1510000.0,2270000,3940000,5740000,7250000.0,8840000.0,14900000,27200000.0,43500000,46300000,49200000,54300000,59700000.0,65500000.0,70100000,73800000.0,74900000.0,76500000.0,76700000,77200000.0,78300000,78700000,78500000.0,79300000.0,78900000,79100000.0,78900000.0,80700000.0,79000000,79800000.0,81700000.0,84300000.0
Georgia,0,0,0,0,0,0,0,0,0,0,0,0,0,0,0,0,0,0,0,0,0,0,0,0,0,0,0,0,0,0,0,0,0.0,0,0,150,2300.0,30000.0,60000,133000.0,195000,301000,504000,711000,841000.0,1170000.0,1700000,2600000.0,2760000.0,2840000.0,3980000,4430000.0,4700000,4990000,5400000.0,5550000.0,5530000,5500000.0,5460000.0,5380000.0,5100000,5550000.0,5840000.0,5910000.0
Ghana,0,0,0,0,0,0,0,0,0,0,0,0,0,0,0,0,0,0,0,0,0,0,0,0,0,0,0,0,0,0,0,0,400.0,1740,3340,6200,12800.0,21900.0,41800,70000.0,130000,244000,387000,796000,1700000.0,2870000.0,5210000,7600000.0,11600000.0,15100000.0,17400000,21200000.0,25600000,28000000,30400000.0,35000000.0,38300000,36800000.0,40900000.0,40900000.0,40500000,40500000.0,40000000.0,33400000.0
Gibraltar,0,0,0,0,0,0,0,0,0,0,0,0,0,0,0,0,0,0,0,0,0,0,0,0,0,0,0,0,0,0,0,0,0.0,0,0,660,1000.0,1620.0,2450,3650.0,5560,9800,12200,15900,18400.0,20000.0,22000,24000.0,26000.0,28600.0,30000,32500.0,34800,0,38000.0,41400.0,41100,41000.0,41000.0,40500.0,35400,34100.0,36700.0,0.0
Guinea,0,0,0,0,0,0,0,0,0,0,0,0,0,0,0,0,0,0,0,0,0,0,0,0,0,0,0,0,0,0,0,0,0.0,42,812,950,950.0,2870.0,21600,25200.0,42100,55700,90800,112000,155000.0,189000.0,0,2000000.0,2750000.0,3490000.0,4000000,4860000.0,5580000,7440000,8680000.0,10800000.0,11100000,11700000.0,12000000.0,12900000.0,13800000,13800000.0,0.0,0.0
Gambia,0,0,0,0,0,0,0,0,0,0,0,0,0,0,0,0,0,0,0,0,0,0,0,0,0,0,0,0,0,0,0,0,204.0,457,812,1440,3100.0,4730.0,5050,5310.0,5600,55100,100000,149000,175000.0,247000.0,404000,800000.0,1170000.0,1310000.0,1480000,1400000.0,1530000,1850000,2280000.0,2720000.0,2840000,2970000.0,3180000.0,2580000.0,2680000,2680000.0,0.0,0.0
Guinea-Bissau,0,0,0,0,0,0,0,0,0,0,0,0,0,0,0,0,0,0,0,0,0,0,0,0,0,0,0,0,0,0,0,0,0.0,0,0,0,0.0,0.0,0,0.0,0,0,0,1280,39500.0,98800.0,157000,296000.0,500000.0,560000.0,677000,733000.0,1050000,940000,1110000.0,1240000.0,1290000,1430000.0,1480000.0,1590000.0,1910000,2240000.0,2650000.0,2760000.0
Equatorial Guinea,0,0,0,0,0,0,0,0,0,0,0,0,0,0,0,0,0,0,0,0,0,0,0,0,0,0,0,0,0,0,0,0,0.0,0,0,0,61.0,300.0,297,600.0,5000,15000,32000,41500,61900.0,96900.0,120000,150000.0,180000.0,200000.0,399000,479000.0,501000,511000,517000.0,533000.0,576000,566000.0,591000.0,617000.0,744000,817000.0,893000.0,0.0
Greece,0,0,0,0,0,0,0,0,0,0,0,0,0,0,0,0,0,0,0,0,0,0,0,0,0,0,0,0,0,0,0,0,0.0,48000,153000,273000,532000.0,938000.0,2050000,3900000.0,5930000,7960000,9310000,8940000,9320000.0,10300000.0,11000000,12300000.0,13800000.0,13300000.0,12300000,12100000.0,13400000,12500000,12100000.0,12600000.0,12500000,12900000.0,12200000.0,11900000.0,11400000,11500000.0,11400000.0,11300000.0
Grenada,0,0,0,0,0,0,0,0,0,0,0,0,0,0,0,0,0,0,0,0,0,0,0,0,0,0,0,0,0,0,150,147,181.0,282,350,400,570.0,976.0,1410,2010.0,4300,6410,7550,42300,43300.0,46900.0,46200,51400.0,60000.0,114000.0,122000,121000.0,130000,133000,117000.0,120000.0,119000,113000.0,119000.0,116000.0,119000,101000.0,112000.0,0.0
Greenland,0,0,0,0,0,0,0,0,0,0,0,0,0,0,0,0,0,0,0,0,0,0,0,0,0,0,0,0,0,0,0,0,171.0,438,964,2050,4120.0,6480.0,8900,13500.0,15100,15900,19900,29700,39000.0,46500.0,53900,66400.0,55800.0,53500.0,57300,58700.0,59500,60400,60800.0,61000.0,0,62300.0,61400.0,61700.0,66000,66600.0,0.0,0.0
Guatemala,0,0,0,0,0,0,0,0,0,0,0,0,0,0,0,0,0,0,0,0,0,0,0,0,0,0,0,0,0,0,293,1220,2140.0,2990,10500,30000,43400.0,64200.0,111000,338000.0,857000,1150000,1580000,2030000,3170000.0,4510000.0,7180000,11900000.0,14900000.0,17300000.0,18100000,19500000.0,20800000,21700000,16900000.0,18100000.0,18300000,20000000.0,20500000.0,20900000.0,20400000,22100000.0,20600000.0,20600000.0
Guam,0,0,0,0,0,0,0,0,0,0,0,0,0,0,0,0,0,0,0,0,0,0,0,0,0,0,0,0,0,0,0,867,1300.0,1910,4100,4970,5800.0,5670.0,12800,20000.0,27200,32600,70500,79800,98000.0,0.0,0,0.0,0.0,0.0,0,0.0,0,0,0.0,0.0,0,0.0,0.0,0.0,0,0.0,0.0,0.0
Guyana,0,0,0,0,0,0,0,0,0,0,0,0,0,0,0,0,0,0,0,0,0,0,0,0,0,0,0,0,0,0,0,0,841.0,1030,1250,1240,1200.0,1400.0,1450,2820.0,39800,75300,79400,138000,172000.0,281000.0,400000,539000.0,448000.0,489000.0,560000,529000.0,547000,555000,567000.0,543000.0,585000,643000.0,0.0,778000.0,856000,856000.0,0.0,0.0
"Hong Kong, China",0,0,0,0,0,0,0,0,0,0,0,0,0,0,0,0,0,0,0,0,0,0,0,0,1000,4400,10000,28100,51300,89200,134000,190000,233000.0,291000,485000,798000,1360000.0,2230000.0,3170000,4280000.0,5450000,5780000,6400000,7350000,8210000.000000001,8540000.0,9440000,10800000.0,11600000.0,12600000.0,13800000,15300000.0,16400000,17000000,17000000.0,16700000.0,17600000,18400000.0,19900000.0,21500000.0,21900000,23900000.0,21900000.0,23800000.0
Honduras,0,0,0,0,0,0,0,0,0,0,0,0,0,0,0,0,0,0,0,0,0,0,0,0,0,0,0,0,0,0,0,0,0.0,0,0,0,2310.0,14400.0,34900,78600.0,155000,238000,327000,379000,707000.0,1280000.0,2240000,4180000.0,6210000.0,8390000.0,9510000,8060000.000000001,7370000,7770000,7730000.0,8050000.000000001,7830000,8230000.0,7590000.0,7560000.0,6960000,7560000.0,7940000.0,7920000.0
Croatia,0,0,0,0,0,0,0,0,0,0,0,0,0,0,0,0,0,0,0,0,0,0,0,0,0,0,0,0,0,0,240,2020,6320.0,11400,21700,33700,64900.00000000001,120000.0,183000,295000.0,1030000,1760000,2310000,2540000,2840000.0,3650000.0,4400000,5030000.0,4550000.0,4680000.0,4930000,5120000.0,4970000,4720000,4460000.0,4420000.0,4410000,4320000.0,4390000.0,4400000.0,4380000,4400000.0,4480000.0,4560000.0
Haiti,0,0,0,0,0,0,0,0,0,0,0,0,0,0,0,0,0,0,0,0,0,0,0,0,0,0,0,0,0,0,0,0,0.0,0,0,0,0.0,0.0,10000,25000.0,55000,91500,140000,320000,400000.0,500000.0,1200000,2500000.0,3200000.0,3650000.0,4000000,4200000.0,6090000,7160000,6770000.0,7300000.0,6500000,6310000.0,6600000.0,6840000.0,7320000,7320000.0,0.0,0.0
Hungary,0,0,0,0,0,0,0,0,0,0,0,0,0,0,0,0,0,0,0,0,0,0,0,0,0,0,0,0,0,0,2650,8480,23300.0,45700,143000,265000,473000.0,706000.0,1070000,1630000.0,3080000,4970000,6890000,7940000,8730000.0,9320000.0,9970000,11000000.0,12200000.0,11800000.0,12000000,11700000.0,11600000,11600000,11700000.0,9900000.0,9950000,9950000.0,10000000.0,10300000.0,10300000,10200000.0,10200000.0,10200000.0
Indonesia,0,0,0,0,0,0,0,0,0,0,0,0,0,0,0,0,0,0,0,0,0,0,0,0,1750,2030,4530,6320,9010,12900,18100,24500,35500.0,53400,78000,211000,563000.0,916000.0,1070000,2220000.0,3670000,6520000,11700000,18500000,30300000.0,46900000.0,63800000,93400000.0,141000000.0,164000000.0,211000000,250000000.0,282000000,313000000,326000000.0,339000000.0,386000000,435000000.0,319000000.0,341000000.0,356000000,366000000.0,343000000.0,352000000.0
India,0,0,0,0,0,0,0,0,0,0,0,0,0,0,0,0,0,0,0,0,0,0,0,0,0,0,0,0,0,0,0,0,0.0,0,0,76700,328000.0,882000.0,1200000,1880000.0,3580000,6540000,13000000,33700000,52200000.0,90100000.0,166000000,234000000.0,347000000.0,525000000.0,752000000,894000000.0,865000000,886000000,944000000.0,1000000000.0,1130000000,1170000000.0,1180000000.0,1150000000.0,1150000000,1150000000.0,1140000000.0,0.0
Ireland,0,0,0,0,0,0,0,0,0,0,0,0,0,0,0,0,0,0,0,0,0,0,0,0,0,300,1500,3480,6300,13600,25000,32000,44000.0,61100,88000,158000,289000.0,545000.0,946000,1680000.0,2460000,2970000,3000000,3500000,3860000.0,4270000.0,4690000,4970000.0,5050000.0,4700000.0,4700000,4910000.0,5010000,4880000,4910000.0,4900000.0,4880000,4900000.0,4970000.0,5160000.0,5230000,5370000.0,5650000.0,5760000.0
Iran,0,0,0,0,0,0,0,0,0,0,0,0,0,0,0,0,0,0,0,0,0,0,0,0,0,0,0,0,0,0,0,0,0.0,0,9200,15900,60000.0,239000.0,390000,490000.0,963000,2090000,2280000,3450000,5080000.0,8510000.0,15400000,29800000.0,43000000.0,52600000.0,54100000,56000000.0,58200000,65200000,68900000.0,74200000.0,80500000,87000000.0,88700000.0,118000000.0,128000000,136000000.0,146000000.0,151000000.0
Iraq,0,0,0,0,0,0,0,0,0,0,0,0,0,0,0,0,0,0,0,0,0,0,0,0,0,0,0,0,0,0,0,0,0.0,0,0,0,0.0,0.0,0,0.0,0,0,20000,80000,574000.0,1530000.0,9350000,14000000.0,17500000.0,20100000.0,23300000,25500000.0,26800000,32500000,33000000.0,33600000.0,33400000,33400000.0,36500000.0,37200000.0,37500000,40700000.0,43700000.0,45700000.0
Iceland,0,0,0,0,0,0,0,0,0,0,0,0,0,0,0,0,0,0,0,0,0,0,0,0,0,0,2640,5010,6520,7890,10000,12900,15300.0,17400,21800,30900,46800.0,65400.00000000001,104000,173000.0,215000,248000,260000,280000,290000.0,283000.0,302000,326000.0,337000.0,340000.0,341000,344000.0,352000,356000,370000.0,384000.0,402000,401000.0,411000.0,413000.0,421000,437000.0,457000.0,478000.0
Israel,0,0,0,0,0,0,0,0,0,0,0,0,0,0,0,0,0,0,0,0,0,0,0,0,0,0,0,0,0,0,15200,23000,36100.0,64500,133000,445000,1050000.0,1670000.0,2150000,2880000.0,4400000,5500000,6300000,6620000,7220000.0,7760000.0,8400000,8900000.0,8980000.0,9020000.0,9110000,9200000.0,9230000,9500000,9500000.0,10600000.0,10600000,10500000.0,10700000.0,11700000.0,12300000,12500000.0,13800000.0,0.0
Italy,0,0,0,0,0,0,0,0,0,0,0,0,0,0,0,0,0,0,0,0,0,0,0,0,0,6420,9040,16500,33600,66100,266000,568000,783000.0,1210000,2240000,3920000,6420000.0,11700000.0,20500000,30300000.0,42200000,51200000,54200000,56800000,62800000.0,71500000.0,80400000,89800000.0,90300000.0,90000000.0,93700000,96000000.0,97200000,96900000,89900000.0,87700000.0,86000000,83900000.0,83300000.0,79500000.0,77600000,78100000.0,78500000.0,78500000.0
Jamaica,0,0,0,0,0,0,0,0,0,0,0,0,0,0,0,0,0,0,0,0,0,0,0,0,0,0,0,0,0,0,0,2450,7630.0,15200,26100,45100,54600.0,66000.0,78600,144000.0,367000,598000,1240000,1580000,1840000.0,1980000.0,2270000,2680000.0,2720000.0,2960000.0,3180000,2950000.0,2710000,2850000,3010000.0,3140000.0,3270000,3090000.0,2960000.0,3020000.0,2870000,2910000.0,3000000.0,3270000.0
Jordan,0,0,0,0,0,0,0,0,0,0,0,0,0,0,0,0,0,0,0,0,0,0,0,0,0,0,0,0,0,0,1440,1460,1460.0,1460,1450,11800,24100.0,45000.0,82400,118000.0,389000,866000,1220000,1330000,1620000.0,3140000.0,4340000,4770000.0,5310000.0,6010000.0,6620000,7480000.0,8980000,10300000,11100000.0,13800000.0,9820000,9700000.0,8730000.0,7780000.0,6990000,7280000.0,7630000.0,7730000.0
Japan,0,0,0,0,0,0,0,0,0,0,0,0,0,0,0,0,0,0,0,0,0,13300,19800,27200,40400,61800,95100,151000,243000,490000,868000,1380000,1710000.0,2130000,4330000,11700000,26900000.0,38300000.0,47300000,56800000.0,66800000,74800000,81100000,86700000,91500000.0,96500000.0,99800000,107000000.0,110000000.0,116000000.0,123000000,133000000.0,141000000,148000000,158000000.0,161000000.0,167000000,173000000.0,180000000.0,187000000.0,195000000,200000000.0,211000000.0,219000000.0
Kazakhstan,0,0,0,0,0,0,0,0,0,0,0,0,0,0,0,0,0,0,0,0,0,0,0,0,0,0,0,0,0,0,0,0,0.0,0,400,4600,9800.0,11200.0,29700,49500.0,197000,582000,1030000,1330000,2450000.0,5400000.0,7780000,12300000.0,14900000.0,17100000.0,19400000,25200000.0,30200000,30400000,28600000.0,26300000.0,25500000,26700000.0,26100000.0,25700000.0,24300000,24500000.0,25200000.0,25800000.0
Kenya,0,0,0,0,0,0,0,0,0,0,0,0,0,0,0,0,0,0,0,0,0,0,0,0,0,0,0,0,0,0,0,0,1100.0,1160,1990,2280,2830.0,6770.0,10800,23800.0,127000,600000,1190000,1590000,2550000.0,4610000.0,7340000,11300000.0,16300000.0,19400000.0,25000000,28100000.0,30700000,31800000,33600000.0,37700000.0,39000000,42800000.0,49500000.0,54600000.0,61400000,65099999.99999999,65700000.0,66700000.0
Kyrgyz Republic,0,0,0,0,0,0,0,0,0,0,0,0,0,0,0,0,0,0,0,0,0,0,0,0,0,0,0,0,0,0,0,0,0.0,0,0,0,0.0,0.0,1350,2570.0,9000,27000,53100,138000,263000.0,542000.0,1260000,2170000.0,3390000.0,4490000.0,5280000,6280000.0,6800000,6740000,7560000.0,7580000.0,7610000,8470000.0,8740000.0,8620000.0,7320000,7380000.0,7440000.0,7680000.0
Cambodia,0,0,0,0,0,0,0,0,0,0,0,0,0,0,0,0,0,0,0,0,0,0,0,0,0,0,0,0,0,0,0,0,0.0,4810,10200,14100,23100.0,33600.0,61300,89100.0,131000,223000,380000,498000,862000.0,1060000.0,1720000,2580000.0,4240000.0,6270000.0,8150000,13800000.0,19100000,20300000,20500000.0,20900000.0,19900000,18600000.0,19400000.0,21400000.0,21100000,19900000.0,19500000.0,0.0
Kiribati,0,0,0,0,0,0,0,0,0,0,0,0,0,0,0,0,0,0,0,0,0,0,0,0,0,0,0,0,0,0,0,0,0.0,0,0,0,0.0,0.0,22,200.0,300,395,495,526,615.0,650.0,700,750.0,1000.0,9910.0,10600,13800.0,18000,20000,30000.0,41000.0,52000,46100.0,53300.0,54700.0,54700,52600.0,64099.99999999999,70300.0
St. Kitts and Nevis,0,0,0,0,0,0,0,0,0,0,0,0,0,0,0,0,0,0,0,0,0,0,0,0,0,0,0,0,0,0,0,0,0.0,0,0,0,300.0,205.0,440,700.0,1200,2100,5000,22000,29000.0,51000.0,51000,64500.0,74500.0,75500.0,80000,77000.0,76000,77000,65000.0,73000.0,76600,76900.0,71600.0,65200.0,62500,56700.0,54600.0,55600.0
South Korea,0,0,0,0,0,0,0,0,0,0,0,0,0,0,0,0,0,0,0,0,0,0,0,0,0,0,7090,10300,20400,39700,80000,166000,272000.0,472000,960000,1640000,3180000.0,6880000.0,14000000,23400000.0,26800000,29000000,32300000,33600000,36600000.0,38300000.0,40200000,44400000.0,45600000.0,47900000.0,50800000,52500000.0,53600000,54700000,57300000.0,58900000.0,61300000,63700000.0,66400000.00000001,68900000.0,70500000,72900000.0,77000000.0,83900000.0
Kosovo,0,0,0,0,0,0,0,0,0,0,0,0,0,0,0,0,0,0,0,0,0,0,0,0,0,0,0,0,0,0,0,0,0.0,0,0,0,0.0,0.0,0,0.0,0,0,0,0,0.0,562000.0,562000,562000.0,562000.0,562000.0,562000,0.0,0,0,0.0,0.0,0,0.0,0.0,0.0,0,0.0,0.0,0.0
Kuwait,0,0,0,0,0,0,0,0,0,0,0,0,0,0,0,0,0,0,0,0,0,0,0,0,0,0,8200,14300,17500,22500,20700,43000,51000.0,64300,85200,118000,151000.0,210000.0,250000,300000.0,476000,878000,1230000,1420000,1770000.0,1380000.0,1180000,1430000.0,1500000.0,2620000.0,3980000,4930000.0,5100000,6410000,7600000.0,7660000.0,7660000,7140000.0,7100000.0,7330000.0,6770000,6920000.0,7730000.0,8109999.999999999
Lao,0,0,0,0,0,0,0,0,0,0,0,0,0,0,0,0,0,0,0,0,0,0,0,0,0,0,0,0,0,0,0,0,290.0,340,625,1540,3790.0,4920.0,6450,12100.0,12700,29500,55200,112000,204000.0,658000.0,1010000,1480000.0,2020000.0,3230000.0,4000000,5480000.0,4300000,4610000,4620000.0,3730000.0,3960000,3710000.0,3660000.0,4640000.0,4640000,4820000.0,0.0,0.0
Lebanon,0,0,0,0,0,0,0,0,0,0,0,0,0,0,0,0,0,0,0,0,0,0,0,0,0,0,0,0,0,0,0,0,0.0,0,0,120000,198000.0,374000.0,505000,627000.0,743000,767000,775000,795000,884000.0,994000.0,1110000,1260000.0,1430000.0,2390000.0,2860000,3460000.0,3760000,3880000,4390000.0,4660000.0,4280000,4400000.0,4420000.0,4240000.0,4290000,4290000.0,0.0,0.0
Liberia,0,0,0,0,0,0,0,0,0,0,0,0,0,0,0,0,0,0,0,0,0,0,0,0,0,0,0,0,0,0,0,0,0.0,0,0,0,0.0,0.0,0,0.0,1500,2000,5000,47300,94400.0,160000.0,280000,563000.0,855000.0,1090000.0,1570000,2020000.0,2380000,2550000,3230000.0,3650000.0,3120000,2660000.0,0.0,1940000.0,1650000,1650000.0,0.0,0.0
Libya,0,0,0,0,0,0,0,0,0,0,0,0,0,0,0,0,0,0,0,0,0,0,0,0,0,0,0,0,0,0,0,0,0.0,0,0,0,0.0,10000.0,20000,30000.0,40000,50000,70000,127000,500000.0,2000000.0,3930000,4500000.0,7380000.0,9530000.0,10900000,10000000.0,9590000,10200000,8500000.0,9750000.0,7660000,6020000.0,0.0,11400000.0,11600000,13900000.0,13900000.0,0.0
St. Lucia,0,0,0,0,0,0,0,0,0,0,0,0,0,0,0,0,0,0,0,0,0,0,0,0,0,0,0,0,0,0,0,0,0.0,0,524,1000,1400.0,1600.0,1900,2300.0,2500,2700,14300,99000,101000.0,106000.0,106000,147000.0,175000.0,190000.0,198000,217000.0,216000,212000,188000.0,188000.0,177000,177000.0,185000.0,148000.0,146000,172000.0,176000.0,0.0
Liechtenstein,0,0,0,0,0,0,0,0,0,0,0,0,0,0,0,0,0,0,0,0,0,0,0,0,0,0,0,0,0,0,0,0,0.0,0,0,0,0.0,0.0,7500,9000.0,10000,11000,11400,25000,25500.0,27500.0,28800,32000.0,34000.0,35000.0,35500,37000.0,36100,38400,40700.0,41000.0,44300,46400.0,47300.0,47700.0,48900,49200.0,49700.0,50400.0
Sri Lanka,0,0,0,0,0,0,0,0,0,0,0,0,0,0,0,0,0,0,0,0,0,0,0,0,0,0,0,0,0,0,1010,1800,2640.0,14700,29200,51300,71000.0,115000.0,174000,257000.0,430000,668000,931000,1390000,2210000.0,3360000.0,5410000,7980000.0,11100000.0,16300000.0,17400000,18300000.0,19300000,20300000,22100000.0,23900000.0,25800000,28200000.0,30300000.0,28400000.0,29700000,30800000.0,34600000.0,30000000.0
Lesotho,0,0,0,0,0,0,0,0,0,0,0,0,0,0,0,0,0,0,0,0,0,0,0,0,0,0,0,0,0,0,0,0,0.0,0,0,0,1260.0,3500.0,9830,12000.0,21600,57000,138000,126000,196000.0,250000.0,358000,482000.0,593000.0,661000.0,987000,1230000.0,1540000,1790000,2140000.0,2140000.0,2280000,2380000.0,1580000.0,1680000.0,1560000,1820000.0,1560000.0,1600000.0
Lithuania,0,0,0,0,0,0,0,0,0,0,0,0,0,0,0,0,0,0,0,0,0,0,0,0,0,0,0,0,0,0,0,0,267.0,1240,4510,14800,51000.0,165000.0,268000,332000.0,524000,1020000,1650000,2100000,3050000.0,4350000.0,4720000,4910000.0,5020000.0,4960000.0,4890000,4940000.0,5000000,4570000,4270000.0,4180000.0,4200000,4360000.0,3760000.0,3700000.0,3670000,3730000.0,3830000.0,3920000.0
Luxembourg,0,0,0,0,0,0,0,0,0,0,0,0,0,0,0,0,0,0,0,0,0,0,0,0,0,40,292,375,542,665,824,1140,1120.0,5080,12900,26800,45000.0,67200.0,131000,209000.0,303000,409000,473000,539000,470000.0,510000.0,713000,685000.0,707000.0,720000.0,727000,765000.0,761000,788000,802000.0,807000.0,764000,794000.0,799000.0,818000.0,838000,876000.0,912000.0,961000.0
Latvia,0,0,0,0,0,0,0,0,0,0,0,0,0,0,0,0,0,0,0,0,0,0,0,0,0,0,0,0,0,0,0,0,1030.0,3800,8360,15000,28500.0,77100.0,167000,274000.0,401000,657000,917000,1220000,1540000.0,1870000.0,2180000,2220000.0,2300000.0,2300000.0,2310000,2310000.0,2630000,2560000,2380000.0,2590000.0,2650000,2460000.0,2070000.0,2070000.0,2050000,2160000.0,2170000.0,2260000.0
"Macao, China",0,0,0,0,0,0,0,0,0,0,0,0,0,0,0,0,0,0,0,0,0,0,0,0,0,0,0,0,0,1360,2230,4850,10500.0,15100,21400,35900,44800.0,52800.0,82100,118000.0,141000,194000,276000,364000,432000.0,533000.0,636000,794000.0,933000.0,1040000.0,1120000,1350000.0,1610000,1720000,1860000.0,1900000.0,1970000,2050000.0,2180000.0,2790000.0,1620000,1270000.0,1210000.0,1370000.0
Morocco,0,0,0,0,0,0,0,0,0,0,0,0,0,0,0,0,0,0,0,0,0,0,0,0,0,0,0,60,105,700,904,1500,3220.0,6730,13800,29500,42900.0,74500.0,117000,369000.0,2340000,4770000,6200000,7360000,9340000.0,12400000.0,16000000,20000000.0,22800000.0,25300000.0,32000000,36600000.0,39000000,42400000,44100000.0,43100000.0,41500000,43900000.0,44700000.0,46700000.0,49400000,51300000.0,53000000.0,55900000.0
Monaco,0,0,0,0,0,0,0,0,0,0,0,0,0,0,0,0,0,0,0,0,0,0,0,0,0,0,0,0,0,0,0,0,0.0,1150,2560,3010,5400.0,7200.0,11500,13100.0,13900,14300,14900,15100,15800.0,17200.0,18300,20400.0,22000.0,23000.0,23400,31800.0,33200,35500,33700.0,34000.0,33300,33000.0,32700.0,33800.0,35500,37400.0,39000.0,40500.0
Moldova,0,0,0,0,0,0,0,0,0,0,0,0,0,0,0,0,0,0,0,0,0,0,0,0,0,0,0,0,0,0,0,0,0.0,0,0,14,920.0,2200.0,7000,18000.0,139000,225000,338000,476000,787000.0,1090000.0,1360000,1880000.0,2420000.0,2140000.0,2550000,3220000.0,3580000,3700000,3740000.0,3710000.0,3790000,3750000.0,3640000.0,3610000.0,3420000,3900000.0,4170000.0,4010000.0
Madagascar,0,0,0,0,0,0,0,0,0,0,0,0,0,0,0,0,0,0,0,0,0,0,0,0,0,0,0,0,0,0,0,0,0.0,0,300,1300,2300.0,4100.0,12800,35800.0,63100,148000,163000,284000,334000.0,510000.0,1050000,2220000.0,4840000.0,6280000.0,7710000,8680000.0,8780000,8460000,9710000.0,10700000.0,8000000,8730000.0,10700000.0,13000000.0,15900000,16000000.0,19700000.0,25400000.0
Maldives,0,0,0,0,0,0,0,0,0,0,0,0,0,0,0,0,0,0,0,0,0,0,0,0,0,0,0,0,0,0,0,0,0.0,0,0,0,20.0,1290.0,1610,2930.0,7640,18900,41900,66500,113000.0,204000.0,271000,314000.0,436000.0,458000.0,494000,530000.0,561000,625000,666000.0,740000.0,812000,900000.0,858000.0,828000.0,718000,706000.0,715000.0,745000.0
Mexico,0,0,0,0,0,0,0,0,0,0,0,0,0,0,0,0,0,0,0,0,0,0,0,0,0,0,0,0,1500,8500,63900,161000,313000.0,386000,569000,689000,1020000.0,1740000.0,3350000,7730000.0,14100000,21800000,25900000,30100000,38500000.0,47100000.0,55400000,66599999.99999999,75300000.0,83200000.0,91400000,94600000.0,101000000,107000000,105000000.0,108000000.0,112000000,114000000.0,120000000.0,122000000.0,123000000,126000000.0,136000000.0,140000000.0
Marshall Islands,0,0,0,0,0,0,0,0,0,0,0,0,0,0,0,0,0,0,0,0,0,0,0,0,0,0,0,0,0,0,0,0,0.0,0,280,264,365.0,466.0,345,443.0,447,489,552,598,644.0,660.0,0,0.0,0.0,0.0,0,0.0,0,0,15500.0,15500.0,0,16000.0,0.0,16000.0,16000,16000.0,0.0,0.0
North Macedonia,0,0,0,0,0,0,0,0,0,0,0,0,0,0,0,0,0,0,0,0,0,0,0,0,0,0,0,0,0,0,0,0,0.0,0,0,0,1060.0,12400.0,30100,48700.0,116000,223000,365000,776000,986000.0,1130000.0,1260000,1790000.0,1970000.0,1940000.0,2150000,2210000.0,2240000,2240000,2220000.0,2080000.0,2050000,2010000.0,1970000.0,1920000.0,1860000,1940000.0,2050000.0,1920000.0
Mali,0,0,0,0,0,0,0,0,0,0,0,0,0,0,0,0,0,0,0,0,0,0,0,0,0,0,0,0,0,0,0,0,0.0,0,0,0,1190.0,2840.0,4470,6390.0,10400,24000,46000,247000,407000.0,762000.0,1510000,2530000.0,3440000.0,4460000.0,7440000,10800000.0,14600000,19700000,23500000.0,22700000.0,20200000,22000000.0,22000000.0,22900000.0,25300000,24300000.0,25900000.0,0.0
Malta,0,0,0,0,0,0,0,0,0,0,0,0,0,0,0,0,0,0,0,0,0,0,0,0,0,0,0,0,0,0,0,2280,3500.0,5300,7500,10800,12500.0,17700.0,22500,37500.0,114000,239000,277000,290000,306000.0,324000.0,347000,369000.0,386000.0,422000.0,456000,522000.0,532000,557000,546000.0,524000.0,585000,605000.0,616000.0,634000.0,633000,650000.0,702000.0,749000.0
Myanmar,0,0,0,0,0,0,0,0,0,0,0,0,0,0,0,0,0,0,0,0,0,0,0,0,0,0,0,0,0,0,0,0,0.0,643,1920,2770,7260.0,8490.0,8520,11400.0,13400,22700,48000,66500,92500.0,129000.0,214000,248000.0,367000.0,502000.0,594000,1240000.0,3730000,6830000,29000000.0,41000000.0,50600000,47900000.0,61100000.0,81900000.0,78500000,67900000.0,57800000.0,65500000.0
Montenegro,0,0,0,0,0,0,0,0,0,0,0,0,0,0,0,0,0,0,0,0,0,0,0,0,0,0,0,0,0,0,0,0,0.0,0,0,0,0.0,0.0,0,0.0,0,0,0,0,484000.0,543000.0,644000,900000.0,1160000.0,1290000.0,1170000,1160000.0,991000,994000,1010000.0,1010000.0,1040000,1040000.0,1130000.0,1150000.0,1080000,1120000.0,1270000.0,1310000.0
Mongolia,0,0,0,0,0,0,0,0,0,0,0,0,0,0,0,0,0,0,0,0,0,0,0,0,0,0,0,0,0,0,0,0,0.0,0,0,0,900.0,2000.0,9030,34600.0,155000,195000,216000,319000,429000.0,557000.0,775000,1190000.0,1760000.0,2250000.0,2510000,2940000.0,3380000,2880000,3030000.0,3070000.0,3370000,3890000.0,4220000.0,4420000.0,4360000,4690000.0,4840000.0,4840000.0
Northern Mariana Islands,0,0,0,0,0,0,0,0,0,0,0,0,0,0,0,0,0,0,0,0,0,0,0,0,0,0,0,0,0,0,0,0,0.0,732,765,1200,0.0,0.0,0,2910.0,3000,13200,17100,18600,20500.0,0.0,0,0.0,0.0,0.0,0,0.0,0,0,0.0,0.0,0,0.0,0.0,0.0,0,0.0,0.0,0.0
Mozambique,0,0,0,0,0,0,0,0,0,0,0,0,0,0,0,0,0,0,0,0,0,0,0,0,0,0,0,0,0,0,0,0,0.0,0,0,0,0.0,2500.0,6730,12200.0,51100,153000,255000,436000,708000.0,1500000.0,2340000,3080000.0,4410000.0,5970000.0,7220000,7860000.0,8800000,12400000,18500000.0,20100000.0,15000000,11900000.0,14100000.0,14800000.0,15500000,13700000.0,15000000.0,0.0
Mauritania,0,0,0,0,0,0,0,0,0,0,0,0,0,0,0,0,0,0,0,0,0,0,0,0,0,0,0,0,0,0,0,0,0.0,0,0,0,0.0,0.0,0,0.0,15300,110000,247000,351000,522000.0,746000.0,1060000,1410000.0,2090000.0,2180000.0,2780000,3310000.0,4030000,3990000,3750000.0,3640000.0,3610000,4070000.0,4570000.0,4710000.0,5810000,6510000.0,5360000.0,0.0
Mauritius,0,0,0,0,0,0,0,0,0,0,0,0,0,0,0,0,0,0,0,0,0,0,0,0,0,0,0,0,0,0,2200,2500,2910.0,4040,5710,11700,20800.0,42500.0,60400,102000.0,180000,272000,348000,462000,548000.0,657000.0,772000,929000.0,1030000.0,1090000.0,1190000,1290000.0,1490000,1530000,1650000.0,1760000.0,1810000,1840000.0,1920000.0,1870000.0,1910000,1970000.0,2100000.0,2100000.0
Malawi,0,0,0,0,0,0,0,0,0,0,0,0,0,0,0,0,0,0,0,0,0,0,0,0,0,0,0,0,0,0,0,0,0.0,0,0,382,3700.0,7000.0,10500,22500.0,49000,55700,86000,135000,222000.0,421000.0,620000,1050000.0,1510000.0,2490000.0,3120000,3950000.0,4650000,5290000,5630000.0,6570000.0,7180000,7770000.0,7080000.0,8900000.0,10000000,11900000.0,12300000.0,12900000.0
Malaysia,0,0,0,0,0,0,0,0,0,0,0,0,0,0,0,0,0,0,0,0,0,0,0,0,0,0,10800,17400,27300,39400,86600,130000,201000.0,340000,572000,1010000,1520000.0,2000000.0,2200000,2990000.0,5120000,7390000,9050000,11100000,14600000.0,19500000.0,19500000,23300000.0,27700000.0,30100000.0,33900000,36700000.0,41300000,43000000,44900000.0,44100000.0,43500000,42300000.0,42400000.0,44600000.0,43700000,47200000.0,48000000.0,50100000.0
Namibia,0,0,0,0,0,0,0,0,0,0,0,0,0,0,0,0,0,0,0,0,0,0,0,0,0,0,0,0,0,0,0,0,0.0,0,0,3500,6640.0,12500.0,19500,30000.0,82000,107000,150000,224000,286000.0,449000.0,609000,800000.0,1050000.0,1630000.0,1950000,2190000.0,2150000,2730000,2670000.0,2550000.0,2660000,2680000.0,2760000.0,2820000.0,2900000,2920000.0,2920000.0,2600000.0
New Caledonia,0,0,0,0,0,0,0,0,0,0,0,0,0,0,0,0,0,0,0,0,0,0,0,0,0,0,0,0,0,0,0,0,0.0,0,0,825,2060.0,5200.0,13000,25400.0,49900,67900,80000,97100,116000.0,134000.0,155000,176000.0,196000.0,210000.0,221000,227000.0,231000,241000,243000.0,260000.0,0,0.0,0.0,260000.0,260000,260000.0,0.0,0.0
Niger,0,0,0,0,0,0,0,0,0,0,0,0,0,0,0,0,0,0,0,0,0,0,0,0,0,0,0,0,0,0,0,0,0.0,0,0,0,0.0,98.0,1350,2190.0,2060,2130,57500,82400,172000.0,324000.0,483000,900000.0,1900000.0,2600000.0,3670000,4740000.0,5400000,7010000,8240000.0,8960000.0,7470000,8780000.0,0.0,12100000.0,14200000,14200000.0,0.0,0.0
Nigeria,0,0,0,0,0,0,0,0,0,0,0,0,0,0,0,0,0,0,0,0,0,0,0,0,0,0,0,0,0,0,0,0,0.0,9050,12800,13000,14000.0,15000.0,20000,25000.0,30000,266000,1570000,3150000,9150000.0,18600000.0,32300000,40400000.0,63000000.0,74500000.0,87300000,95200000.0,113000000,127000000,139000000.0,151000000.0,154000000,145000000.0,173000000.0,185000000.0,204000000,195000000.0,222000000.0,224000000.0
Nicaragua,0,0,0,0,0,0,0,0,0,0,0,0,0,0,0,0,0,0,0,0,0,0,0,0,0,0,0,0,0,0,0,0,0.0,324,2180,4400,5100.0,7560.0,18300,44200.0,90300,165000,237000,467000,739000.0,1120000.0,1830000,2500000.0,3110000.0,3340000.0,3960000,4820000.0,5850000,6810000,7070000.0,7260000.0,7750000,8180000.0,7440000.0,5790000.0,5960000,6230000.0,7020000.0,7220000.0
Netherlands,0,0,0,0,0,0,0,0,0,0,0,0,0,0,0,0,0,0,0,0,0,0,0,0,0,4800,15300,24200,33000,56000,79000,115000,166000.0,216000,321000,539000,1020000.0,1720000.0,3350000,6750000.0,10800000,12200000,12100000,13200000,14800000.0,15800000.0,17300000,19300000.0,20600000.0,20100000.0,19200000,19800000.0,19700000,19500000,19600000.0,20800000.0,20900000,20500000.0,21100000.0,21800000.0,21400000,21900000.0,20700000.0,21200000.0
Cura√ßao,0,0,0,0,0,0,0,0,0,0,0,0,0,0,0,0,0,0,0,0,0,0,0,0,0,0,0,0,0,0,0,0,0.0,0,0,0,0.0,0.0,0,0.0,0,0,0,0,0.0,0.0,0,0.0,0.0,201000.0,204000,206000.0,205000,204000,193000.0,190000.0,187000,187000.0,186000.0,184000.0,170000,168000.0,172000.0,0.0
Norway,0,0,0,0,0,0,0,0,0,0,0,0,0,0,0,0,0,0,0,0,0,1670,11100,23500,39000,63100,87100,120000,152000,168000,197000,234000,283000.0,371000,588000,981000,1260000.0,1680000.0,2070000,2660000.0,3220000,3590000,3790000,4060000,4520000.0,4750000.0,4870000,5040000.0,5210000.0,5350000.0,5600000,5730000.0,5800000,5690000,5740000.0,5710000.0,5730000,5720000.0,5720000.0,5780000.0,5830000,5930000.0,6090000.0,0.0
Nepal,0,0,0,0,0,0,0,0,0,0,0,0,0,0,0,0,0,0,0,0,0,0,0,0,0,0,0,0,0,0,0,0,0.0,0,0,0,0.0,0.0,0,5500.0,10200,17300,21900,81900,117000.0,227000.0,1160000,3270000.0,4200000.0,5600000.0,9200000,13400000.0,16600000,21400000,23000000.0,27500000.0,32100000,36100000.0,39200000.0,38700000.0,38200000,38200000.0,0.0,0.0
Nauru,0,0,0,0,0,0,0,0,0,0,0,0,0,0,0,0,0,0,0,0,0,0,0,0,0,0,0,0,0,0,0,0,0.0,150,450,500,600.0,750.0,850,1000.0,1200,1500,0,0,0.0,0.0,0,0.0,0.0,0.0,6200,6700.0,6800,0,0.0,9400.0,9900,10000.0,0.0,10000.0,10000,10000.0,0.0,0.0
New Zealand,0,0,0,0,0,0,0,0,0,0,0,0,0,0,0,0,0,0,0,0,0,0,0,0,0,0,0,2400,10000,28900,54100,72300,100000.0,144000,239000,365000,493000.0,566000.0,790000,1400000.0,1540000,2290000,2450000,2600000,3030000.0,3530000.0,3800000,4250000.0,4620000.0,4700000.0,4710000,4820000.0,4920000,4770000,5100000.0,5600000.0,6100000,6400000.0,6320000.0,6010000.0,6240000,5850000.0,5950000.0,6560000.0
Oman,0,0,0,0,0,0,0,0,0,0,0,0,0,0,0,0,0,0,0,0,0,0,0,0,0,52,747,1160,1710,2100,2730,3670,4720.0,5620,6750,8050,15000.0,53000.0,98000,121000.0,162000,323000,463000,594000,806000.0,1330000.0,1820000,2500000.0,3220000.0,3970000.0,4610000,4810000.0,5280000,5620000,6190000.0,6650000.0,6870000,6940000.0,6440000.0,6380000.0,6280000,6120000.0,6750000.0,6980000.0
Pakistan,0,0,0,0,0,0,0,0,0,0,0,0,0,0,0,0,0,0,0,0,0,0,0,0,0,0,0,0,0,0,2000,8500,13500.0,16000,24700,41000,68000.0,135000.0,196000,266000.0,306000,743000,1700000,2400000,5020000.0,12800000.0,34500000,62900000.0,88000000.0,94300000.0,99200000,109000000.0,120000000,128000000,136000000.0,126000000.0,136000000,145000000.0,154000000.0,165000000.0,176000000,189000000.0,193000000.0,189000000.0
Panama,0,0,0,0,0,0,0,0,0,0,0,0,0,0,0,0,0,0,0,0,0,0,0,0,0,0,0,0,0,0,0,0,0.0,0,0,0,7000.0,23500.0,85900,233000.0,410000,475000,526000,692000,1260000.0,1750000.0,2170000,3010000.0,3920000.0,6070000.0,6650000,6740000.0,6210000,6200000,6910000.0,5740000.0,5140000,5280000.0,5720000.0,5830000.0,6110000,6430000.0,6690000.0,6980000.0
Peru,0,0,0,0,0,0,0,0,0,0,0,0,0,0,0,0,0,0,0,0,0,0,0,0,0,0,0,0,0,0,1650,5700,21600.0,36300,52200,73500,201000.0,422000.0,743000,1010000.0,1270000,1790000,2310000,2930000,4090000.0,5580000.0,9120000,15400000.0,21000000.0,24700000.0,29100000,32500000.0,29400000,29800000,31900000.0,34200000.0,36900000,38900000.0,42200000.0,39800000.0,39400000,43100000.0,41500000.0,41300000.0
Philippines,0,0,0,0,0,0,0,0,0,0,0,0,0,0,0,0,0,0,0,0,0,0,0,0,0,0,0,0,0,0,0,34600,56000.0,102000,172000,494000,959000.0,1340000.0,1730000,2850000.0,6450000,12200000,15400000,22500000,32900000.0,34800000.0,42900000,57300000.0,68100000.0,75600000.0,83200000,94200000.0,102000000,103000000,111000000.0,118000000.0,120000000,120000000.0,135000000.0,167000000.0,150000000,163000000.0,166000000.0,135000000.0
Palau,0,0,0,0,0,0,0,0,0,0,0,0,0,0,0,0,0,0,0,0,0,0,0,0,0,0,0,0,0,0,0,0,0.0,0,0,0,0.0,0.0,0,0.0,0,0,2460,3920,3920.0,6050.0,8350,10700.0,11700.0,12700.0,14500,15400.0,17200,17900,19100.0,23700.0,0,0.0,0.0,24000.0,24000,24000.0,24000.0,24000.0
Papua New Guinea,0,0,0,0,0,0,0,0,0,0,0,0,0,0,0,0,0,0,0,0,0,0,0,0,0,0,0,0,0,0,0,0,0.0,0,0,0,2290.0,3860.0,5560,7060.0,8560,10700,15000,17500,48300.0,75000.0,100000,300000.0,874000.0,1420000.0,1910000,2400000.0,2710000,3000000,3360000.0,3560000.0,3780000,4020000.0,4300000.0,4540000.0,4820000,4820000.0,0.0,0.0
Poland,0,0,0,0,0,0,0,0,0,0,0,0,0,0,0,0,0,0,0,0,0,0,0,0,0,0,0,0,0,0,0,0,2200.0,15700,38900,75000,217000.0,812000.0,1930000,3960000.0,6750000,10000000,13900000,17400000,23100000.0,29200000.0,36700000,41400000.0,43900000.0,44800000.0,47000000,50200000.0,54100000,57000000,56900000.0,54500000.0,53000000,50500000.0,48300000.0,48400000.0,49400000,50600000.0,52600000.0,52400000.0
Puerto Rico,0,0,0,0,0,0,0,0,0,0,0,0,0,0,0,0,0,0,0,0,0,0,0,0,0,0,0,3920,8700,11600,20400,33400,60000.0,95000,175000,287000,329000.0,367000.0,580000,814000.0,1320000,1630000,1650000,1710000,1850000.0,1990000.0,2200000,2430000.0,2540000.0,2710000.0,2930000,3110000.0,3050000,3090000,3210000.0,3200000.0,3250000,3390000.0,3330000.0,3370000.0,3490000,3660000.0,3900000.0,4040000.0
North Korea,0,0,0,0,0,0,0,0,0,0,0,0,0,0,0,0,0,0,0,0,0,0,0,0,0,0,0,0,0,0,0,0,0.0,0,0,0,0.0,0.0,0,0.0,0,0,0,0,0.0,0.0,0,0.0,0.0,69300.0,432000,1000000.0,1700000,2420000,2800000.0,3240000.0,3610000,3810000.0,0.0,4250000.0,6000000,6000000.0,0.0,0.0
Portugal,0,0,0,0,0,0,0,0,0,0,0,0,0,0,0,0,0,0,0,0,0,0,0,0,0,0,0,0,0,2780,6500,12600,37300.0,101000,174000,341000,664000.0,1510000.0,3070000,4670000.0,6660000,7980000,8670000,10000000,10600000.0,11400000.0,12200000,13500000.0,14000000.0,11800000.0,12200000,12300000.0,11900000,12000000,11900000.0,11700000.0,11600000,11800000.0,11900000.0,11900000.0,11900000,12400000.0,12800000.0,12800000.0
Paraguay,0,0,0,0,0,0,0,0,0,0,0,0,0,0,0,0,0,0,0,0,0,0,0,0,0,0,0,0,0,0,0,0,1500.0,3390,7660,15800,32900.0,84200.0,232000,436000.0,821000,1150000,1670000,1770000,1750000.0,1890000.0,3230000,4690000.0,5790000.0,5620000.0,5920000,6530000.0,6790000,7050000,7310000.0,7410000.0,7490000,7470000.0,7440000.0,7760000.0,7870000,7980000.0,8660000.0,8670000.0
Palestine,0,0,0,0,0,0,0,0,0,0,0,0,0,0,0,0,0,0,0,0,0,0,0,0,0,0,0,0,0,0,0,0,0.0,0,0,0,0.0,0.0,0,0.0,7080,176000,252000,264000,437000.0,568000.0,822000,1020000.0,1310000.0,1800000.0,2600000,2880000.0,3130000,3190000,3200000.0,3530000.0,3710000,4000000.0,4380000.0,4300000.0,4060000,4050000.0,4060000.0,4150000.0
French Polynesia,0,0,0,0,0,0,0,0,0,0,0,0,0,0,0,0,0,0,0,0,0,0,0,0,0,0,0,0,0,0,0,0,0.0,0,0,1150,2720.0,5430.0,11100,21900.0,39900,67300,52300,60100,96000.0,120000.0,152000,175000.0,187000.0,208000.0,216000,223000.0,228000,243000,255000.0,268000.0,280000,288000.0,303000.0,318000.0,335000,323000.0,328000.0,0.0
Qatar,0,0,0,0,0,0,0,0,0,0,0,0,0,0,0,0,0,0,0,0,0,0,0,0,0,0,0,0,0,0,3810,4060,4230.0,4290,11500,18500,28800.0,43500.0,65800,84400.0,121000,178000,267000,377000,490000.0,717000.0,920000,1260000.0,1430000.0,1950000.0,2190000,2300000.0,2600000,3310000,3310000.0,3740000.0,3650000,3990000.0,3950000.0,3920000.0,3800000,3880000.0,4690000.0,4700000.0
Romania,0,0,0,0,0,0,0,0,0,0,0,0,0,0,0,0,0,0,0,0,0,0,0,0,0,0,0,0,0,0,0,0,0.0,800,2780,9070,17000.0,201000.0,643000,1360000.0,2500000,3850000,5110000,7040000,10200000.0,13400000.0,16000000,20400000.0,24500000.0,25100000.0,24400000,23400000.0,22800000,22900000,22900000.0,23100000.0,22900000,22400000.0,22600000.0,22700000.0,22600000,22900000.0,23200000.0,0.0
Russia,0,0,0,0,0,0,0,0,0,0,0,0,0,0,0,0,0,0,0,0,0,0,0,0,0,0,0,0,0,0,0,300,6000.0,10000,27700,88500,223000.0,485000.0,747000,1370000.0,3260000,7750000,17600000,36100000,73700000.0,120000000.0,151000000,171000000.0,200000000.0,230000000.0,238000000,204000000.0,208000000,218000000,221000000.0,227000000.0,229000000,227000000.0,229000000.0,240000000.0,239000000,247000000.0,245000000.0,0.0
Rwanda,0,0,0,0,0,0,0,0,0,0,0,0,0,0,0,0,0,0,0,0,0,0,0,0,0,0,0,0,0,0,0,0,0.0,0,0,0,0.0,0.0,5000,11000.0,39000,65000,82400,131000,137000.0,223000.0,314000,635000.0,1320000.0,2430000.0,3550000,4450000.0,5690000,6690000,7750000.0,8760000.0,8920000,8820000.0,9700000.0,9660000.0,10600000,10900000.0,11000000.0,12800000.0
Saudi Arabia,0,0,0,0,0,0,0,0,0,0,0,0,0,0,0,0,0,0,0,0,0,0,0,0,0,0,0,0,0,0,14900,15300,15800.0,15900,16000,16000,191000.0,332000.0,627000,837000.0,1380000,2530000,5010000,7240000,9180000.0,14200000.0,19700000,28400000.0,36000000.0,44900000.0,51600000,54000000.0,53000000,53100000,52700000.0,52800000.0,47900000,40200000.0,41300000.0,41300000.0,43200000,45400000.0,48200000.0,52500000.0
Sudan,0,0,0,0,0,0,0,0,0,0,0,0,0,0,0,0,0,0,0,0,0,0,0,0,0,0,0,0,0,0,0,0,0.0,0,0,0,2200.0,3800.0,8600,13000.0,23000,104000,191000,527000,1050000.0,1830000.0,4680000,8220000.000000001,12000000.0,15300000.0,18100000,25100000.0,27700000,27700000,27800000.0,27900000.0,27800000,28600000.0,30100000.0,33000000.0,35200000,34500000.0,34700000.0,0.0
Senegal,0,0,0,0,0,0,0,0,0,0,0,0,0,0,0,0,0,0,0,0,0,0,0,0,0,0,0,0,0,0,0,0,0.0,0,98,122,1410.0,6940.0,27500,87900.0,250000,302000,553000,782000,1120000.0,1730000.0,2980000,3630000.0,5390000.0,6900000.0,8340000,9350000.0,11500000,13100000,14400000.0,15000000.0,15200000,15800000.0,16600000.0,17900000.0,19100000,19900000.0,20900000.0,22400000.0
Singapore,0,0,0,0,0,0,0,0,0,0,0,0,0,0,0,0,0,0,0,0,0,0,0,0,0,0,0,0,10800,26300,51700,81900,120000.0,179000,236000,306000,431000.0,849000.0,1090000,1630000.0,2750000,2990000,3310000,3580000,3990000.0,4380000.0,4790000,5920000.0,6410000.0,6880000.0,7380000,7790000.0,8070000,8440000,8100000.0,8230000.0,8460000,8380000.000000001,8570000.0,9030000.0,8440000,8760000.0,9770000.0,9650000.0
Solomon Islands,0,0,0,0,0,0,0,0,0,0,0,0,0,0,0,0,0,0,0,0,0,0,0,0,0,0,0,0,0,0,0,0,0.0,0,144,230,337.0,658.0,702,1090.0,1150,967,999,1060,3000.0,6000.0,7000,10900.0,30000.0,50000.0,116000,275000.0,302000,323000,377000.0,425000.0,417000,465000.0,482000.0,478000.0,474000,474000.0,0.0,0.0
Sierra Leone,0,0,0,0,0,0,0,0,0,0,0,0,0,0,0,0,0,0,0,0,0,0,0,0,0,0,0,0,0,0,0,0,0.0,0,0,0,0.0,0.0,0,0.0,11900,26900,67000,113000,0.0,0.0,0,776000.0,1010000.0,1160000.0,2000000,2140000.0,2210000,4000000,4760000.0,5660000.0,6280000,6630000.0,6360000.0,6730000.0,6880000,8230000.0,0.0,0.0
El Salvador,0,0,0,0,0,0,0,0,0,0,0,0,0,0,0,0,0,0,0,0,0,0,0,0,0,0,0,0,0,0,0,0,0.0,1630,4870,13500,23300.0,40200.0,137000,511000.0,744000,858000,889000,1150000,1830000.0,2410000.0,3850000,6140000.0,6950000.0,7570000.0,7700000,8320000.0,8650000,8990000,9190000.0,9330000.0,9640000,9480000.0,9430000.0,10400000.0,9950000,11100000.0,11500000.0,0.0
San Marino,0,0,0,0,0,0,0,0,0,0,0,0,0,0,0,0,0,0,0,0,0,0,0,0,0,0,0,0,0,0,0,0,900.0,1300,1900,2340,2280.0,2350.0,4980,9580.0,14500,15900,16800,16900,17100.0,17100.0,17400,17500.0,24400.0,29900.0,30600,35500.0,36000,36800,37600.0,36600.0,36600,38000.0,38500.0,38800.0,39000,40000.0,41000.0,0.0
Somalia,0,0,0,0,0,0,0,0,0,0,0,0,0,0,0,0,0,0,0,0,0,0,0,0,0,0,0,0,0,0,0,0,0.0,0,0,0,0.0,0.0,0,0.0,80000,85000,100000,200000,500000.0,500000.0,550000,600000.0,627000.0,641000.0,648000,1800000.0,2300000,5180000,5500000.0,5840000.0,6650000,7120000.0,7650000.0,8230000.0,8840000,8840000.0,8840000.0,0.0
Serbia,0,0,0,0,0,0,0,0,0,0,0,0,0,0,0,0,0,0,0,0,0,0,0,0,0,0,0,0,0,0,0,0,0.0,0,0,0,0.0,0.0,0,0.0,0,0,0,0,4730000.0,5510000.0,6640000,8450000.0,9620000.0,9910000.0,9920000,10200000.0,9140000,9200000,9340000.0,9160000.0,9090000,8620000.0,8430000.0,8450000.0,8260000,8500000.0,8620000.0,8530000.0
South Sudan,0,0,0,0,0,0,0,0,0,0,0,0,0,0,0,0,0,0,0,0,0,0,0,0,0,0,0,0,0,0,0,0,0.0,0,0,0,0.0,0.0,0,0.0,0,0,0,0,0.0,0.0,0,0.0,0.0,0.0,1500000,1800000.0,2300000,2850000,2880000.0,2900000.0,2700000,2790000.0,1920000.0,2220000.0,1340000,3280000.0,5340000.0,6170000.0
Sao Tome and Principe,0,0,0,0,0,0,0,0,0,0,0,0,0,0,0,0,0,0,0,0,0,0,0,0,0,0,0,0,0,0,0,0,0.0,0,0,0,0.0,0.0,0,0.0,0,0,1980,4820,7750.0,12000.0,18400,30100.0,50600.0,80800.0,103000,115000.0,122000,125000,129000.0,185000.0,178000,174000.0,163000.0,166000.0,174000,189000.0,196000.0,152000.0
Suriname,0,0,0,0,0,0,0,0,0,0,0,0,0,0,0,0,0,0,0,0,0,0,0,0,0,0,0,0,0,0,0,0,0.0,1080,1380,1690,2420.0,2260.0,6010,17500.0,41000,87000,108000,169000,213000.0,233000.0,320000,380000.0,657000.0,764000.0,521000,534000.0,569000,869000,928000.0,750000.0,807000,796000.0,752000.0,814000.0,899000,906000.0,929000.0,989000.0
Slovak Republic,0,0,0,0,0,0,0,0,0,0,0,0,0,0,0,0,0,0,0,0,0,0,0,0,0,0,0,0,0,0,0,119,1540.0,3130,5950,12300,28700.0,200000.0,465000,664000.0,1240000,2150000,2920000,3680000,4280000.0,4540000.0,4890000,6070000.0,5520000.0,5500000.0,5930000,5980000.0,6090000,6210000,6380000.0,6680000.0,6990000,7120000.0,7240000.0,7400000.0,7290000,7360000.0,7450000.0,7630000.0
Slovenia,0,0,0,0,0,0,0,0,0,0,0,0,0,0,0,0,0,0,0,0,0,0,0,0,0,0,0,0,0,0,0,523,3500.0,6500,16300,27300,41200.0,93600.0,162000,631000.0,1220000,1470000,1670000,1740000,1850000.0,1760000.0,1820000,1930000.0,2050000.0,2100000.0,2120000,2170000.0,2240000,2280000,2330000.0,2350000.0,2390000,2440000.0,2470000.0,2510000.0,2550000,2610000.0,2670000.0,2730000.0
Sweden,0,0,0,0,0,0,0,0,0,0,0,0,0,0,0,0,0,0,0,0,0,20400,27200,36300,57900,73000,113000,173000,243000,349000,461000,568000,656000.0,775000,1380000,2010000,2490000.0,3170000.0,4110000,5130000.0,6370000,7180000,7950000,8800000,8790000.0,9100000.0,9610000,10100000.0,10000000.0,10400000.0,11000000,11500000.0,11800000,12000000,12300000.0,12600000.0,12500000,12500000.0,12600000.0,12900000.0,12800000,13000000.0,14800000.0,14800000.0
Eswatini,0,0,0,0,0,0,0,0,0,0,0,0,0,0,0,0,0,0,0,0,0,0,0,0,0,0,0,0,0,0,0,0,0.0,0,0,0,0.0,0.0,4700,14000.0,33000,55000,68000,85000,145000.0,200000.0,250000,380000.0,532000.0,664000.0,726000,767000.0,805000,893000,917000.0,941000.0,995000,1030000.0,1040000.0,1070000.0,1250000,1430000.0,1470000.0,1520000.0
Sint Maarten (Dutch part),0,0,0,0,0,0,0,0,0,0,0,0,0,0,0,0,0,0,0,0,0,0,0,0,0,0,0,0,0,0,0,0,0.0,0,0,0,0.0,0.0,0,0.0,0,0,0,0,0.0,0.0,0,0.0,0.0,0.0,0,0.0,68800,0,0.0,0.0,0,0.0,0.0,0.0,0,0.0,0.0,0.0
Seychelles,0,0,0,0,0,0,0,0,0,0,0,0,0,0,0,0,0,0,0,0,0,0,0,0,0,0,0,0,0,0,0,0,0.0,0,0,50,1040.0,2250.0,5190,16300.0,26000,36700,44700,49200,54400.0,58800.0,70300,77300.0,93500.0,111000.0,118000,127000.0,136000,137000,151000.0,148000.0,152000,167000.0,179000.0,194000.0,183000,184000.0,205000.0,165000.0
Syria,0,0,0,0,0,0,0,0,0,0,0,0,0,0,0,0,0,0,0,0,0,0,0,0,0,0,0,0,0,0,0,0,0.0,0,0,0,0.0,0.0,0,4000.0,30000,200000,400000,1190000,2350000.0,2950000.0,4680000,6230000.0,7060000.0,10000000.0,11700000,12900000.0,13000000,12300000,14000000.0,14300000.0,13300000,15400000.0,17100000.0,17700000.0,16700000,17000000.0,17700000.0,15100000.0
Turks and Caicos Islands,0,0,0,0,0,0,0,0,0,0,0,0,0,0,0,0,0,0,0,0,0,0,0,0,0,0,0,0,0,0,0,0,0.0,0,0,0,0.0,0.0,0,0.0,0,0,9050,19400,25100.0,0.0,0,0.0,0.0,0.0,0,0.0,0,0,0.0,0.0,0,0.0,0.0,0.0,0,0.0,0.0,0.0
Chad,0,0,0,0,0,0,0,0,0,0,0,0,0,0,0,0,0,0,0,0,0,0,0,0,0,0,0,0,0,0,0,0,0.0,0,0,0,0.0,0.0,0,0.0,5500,22000,34200,65000,123000.0,210000.0,466000,918000.0,1600000.0,2280000.0,2880000,3670000.0,4400000,4560000,5250000.0,5470000.0,5590000,6370000.0,6980000.0,7660000.0,8690000,10300000.0,12100000.0,0.0
Togo,0,0,0,0,0,0,0,0,0,0,0,0,0,0,0,0,0,0,0,0,0,0,0,0,0,0,0,0,0,0,0,0,0.0,0,0,0,0.0,3000.0,7500,17000.0,50000,95000,165000,244000,333000.0,434000.0,708000,1190000.0,1550000.0,2190000.0,2600000,2700000.0,3310000,4260000,4520000.0,4860000.0,5510000,6070000.0,6140000.0,6240000.0,6520000,6250000.0,6560000.0,7050000.0
Thailand,0,0,0,0,0,0,0,0,0,0,0,0,0,0,0,0,0,0,0,0,0,0,0,0,0,0,821,5880,17600,39900,63200,124000,251000.0,414000,737000,1300000,1840000.0,2200000.0,1980000,2340000.0,3060000,7550000,17400000,21600000,27000000.0,30500000.0,40100000,53000000.0,61800000.0,66000000.0,71700000,77400000.0,85000000,93800000,97100000.0,103000000.0,120000000,122000000.0,125000000.0,130000000.0,116000000,121000000.0,126000000.0,121000000.0
Tajikistan,0,0,0,0,0,0,0,0,0,0,0,0,0,0,0,0,0,0,0,0,0,0,0,0,0,0,0,0,0,0,0,0,0.0,0,0,0,102.0,320.0,420,625.0,1160,1630,13200,47600,135000.0,265000.0,2150000,2130000.0,3670000.0,4900000.0,5940000,6320000.0,6530000,7540000,8000000.0,8490000.0,9400000,9900000.0,10000000.0,11000000.0,11600000,11600000.0,0.0,0.0
Turkmenistan,0,0,0,0,0,0,0,0,0,0,0,0,0,0,0,0,0,0,0,0,0,0,0,0,0,0,0,0,0,0,0,0,0.0,0,0,0,0.0,2500.0,3000,4000.0,7500,8170,8170,9190,50100.0,105000.0,217000,382000.0,1140000.0,2130000.0,3200000,5300000.0,5900000,6130000,7210000.0,7840000.0,8580000,9380000.0,5840000.0,6000000.0,6160000,6250000.0,0.0,0.0
Timor-Leste,0,0,0,0,0,0,0,0,0,0,0,0,0,0,0,0,0,0,0,0,0,0,0,0,0,0,0,0,0,0,0,0,0.0,0,0,0,0.0,0.0,0,0.0,0,0,0,20100,25700.0,33100.0,49100,78200.0,125000.0,351000.0,473000,614000.0,621000,650000,1380000.0,1380000.0,1490000,1560000.0,1470000.0,1430000.0,1380000,1390000.0,1480000.0,1560000.0
Tonga,0,0,0,0,0,0,0,0,0,0,0,0,0,0,0,0,0,0,0,0,0,0,0,0,0,0,0,0,0,0,0,0,0.0,0,0,300,302.0,120.0,130,140.0,180,236,3350,11200,16400.0,29900.0,30100,46500.0,50500.0,53000.0,54300,55000.0,56000,57500,68000.0,73500.0,80000,108000.0,108000.0,62100.0,62000,64300.0,0.0,0.0
Trinidad and Tobago,0,0,0,0,0,0,0,0,0,0,0,0,0,0,0,0,0,0,0,0,0,0,0,0,0,0,0,0,0,0,0,426,1280.0,1680,2600,6350,9530.0,17100.0,26300,38700.0,162000,256000,263000,336000,651000.0,924000.0,1520000,1510000.0,1810000.0,1850000.0,1890000,1830000.0,1880000,1940000,1980000.0,2120000.0,2170000,2030000.0,1970000.0,2160000.0,1990000,2000000.0,2000000.0,2020000.0
Tunisia,0,0,0,0,0,0,0,0,0,0,0,0,0,0,0,0,0,0,0,0,0,0,0,0,0,0,0,224,401,636,953,1240,1970.0,2270,2710,3190,6500.0,7660.0,39000,55300.0,119000,389000,574000,1920000,3740000.0,5680000.0,7340000,7840000.0,8600000.0,9800000.0,11100000,12400000.0,12800000,12700000,14300000.0,14600000.0,14300000,14300000.0,14800000.0,14800000.0,14900000,15600000.0,16000000.0,16400000.0
Turkey,0,0,0,0,0,0,0,0,0,0,0,0,0,0,0,0,0,0,0,0,0,0,0,0,0,0,365,5100,9850,15600,31800,47800,61400.0,84200,175000,437000,806000.0,1610000.0,3510000,8119999.999999999,16100000,19600000,23300000,27900000,34700000.0,43600000.0,52700000,62000000.0,65800000.0,62800000.0,61800000,65300000.0,67700000,69700000,71900000.0,73600000.0,75100000,77800000.0,80100000.0,80800000.0,82100000,86300000.0,90300000.0,92200000.0
Tuvalu,0,0,0,0,0,0,0,0,0,0,0,0,0,0,0,0,0,0,0,0,0,0,0,0,0,0,0,0,0,0,0,0,0.0,0,0,0,0.0,0.0,0,0.0,0,0,0,0,500.0,1300.0,1600,1800.0,0.0,1000.0,1600,2130.0,2800,3400,3800.0,6600.0,7600,8000.0,8500.0,9000.0,9000,9000.0,0.0,0.0
Tanzania,0,0,0,0,0,0,0,0,0,0,0,0,0,0,0,0,0,0,0,0,0,0,0,0,0,0,0,0,0,0,0,0,0.0,0,371,3500,9040.0,20200.0,37900,51000.0,111000,276000,607000,1300000,1940000.0,2960000.0,5610000,8250000.0,13000000.0,17500000.0,21000000,25700000.0,27200000,27400000,31900000.0,39700000.0,40000000,40000000.0,43500000.0,47700000.0,51200000,54000000.0,60200000.0,70200000.0
Uganda,0,0,0,0,0,0,0,0,0,0,0,0,0,0,0,0,0,0,0,0,0,0,0,0,0,0,0,0,0,0,0,0,0.0,0,0,1750,4000.0,5000.0,30000,56400.0,127000,284000,393000,776000,1170000.0,1320000.0,2010000,4200000.0,8550000.0,9380000.0,12800000,16700000.0,16400000,18100000,20400000.0,20200000.0,22800000,24900000.0,24500000.0,25400000.0,27700000,30100000.0,33100000.0,42100000.0
Ukraine,0,0,0,0,0,0,0,0,0,0,0,0,0,0,0,0,0,0,0,0,0,0,0,0,0,0,0,0,0,0,0,0,0.0,65,5000,14000,30000.0,57200.0,116000,217000.0,819000,2220000,3690000,6500000,13700000.0,30000000.0,49100000,55200000.0,55700000.0,54900000.0,53900000,55600000.0,59300000,62500000,61200000.0,60700000.0,56700000,55700000.0,53900000.0,54800000.0,54000000,55900000.0,49300000.0,50300000.0
Uruguay,0,0,0,0,0,0,0,0,0,0,0,0,0,0,0,0,0,0,0,0,0,0,0,0,0,0,0,0,0,0,0,0,1710.0,4970,6830,39900,78600.0,99200.0,151000,319000.0,411000,520000,514000,498000,600000.0,1150000.0,2330000,3000000.0,3510000.0,4110000.0,4440000,4760000.0,5000000,5270000,5500000.0,5170000.0,5120000,5100000.0,4460000.0,4530000.0,4550000,4690000.0,4740000.0,4800000.0
USA,0,0,0,0,0,0,0,0,0,0,0,0,0,0,0,0,0,0,0,0,0,0,0,0,91600,340000,682000,1230000,2070000,3510000,5280000,7560000,11000000.0,16000000,24100000,33800000,44000000.0,55300000.0,69200000,86000000.0,109000000,129000000,142000000,161000000,185000000.0,204000000.0,230000000,249000000.0,261000000.0,274000000.0,285000000,297000000.0,305000000,311000000,323000000.0,332000000.0,338000000,340000000.0,348000000.0,356000000.0,353000000,362000000.0,373000000.0,386000000.0
Uzbekistan,0,0,0,0,0,0,0,0,0,0,0,0,0,0,0,0,0,0,0,0,0,0,0,0,0,0,0,0,0,0,0,0,0.0,500,902,3730,9510.0,17200.0,26800,40400.0,53100,128000,187000,321000,544000.0,720000.0,2530000,5690000.0,12400000.0,16400000.0,21000000,25400000.0,20300000,21500000,21600000.0,21800000.0,23300000,24300000.0,23200000.0,33400000.0,33400000,35100000.0,36900000.0,37500000.0
St. Vincent and the Grenadines,0,0,0,0,0,0,0,0,0,0,0,0,0,0,0,0,0,0,0,0,0,0,0,0,0,0,0,0,0,0,0,0,70.0,83,150,215,280.0,346.0,750,1420.0,2360,7490,9980,62900,72000.0,70600.0,87600,110000.0,130000.0,121000.0,132000,132000.0,127000,125000,115000.0,113000.0,113000,116000.0,112000.0,96400.0,100000,98200.0,104000.0,103000.0
Venezuela,0,0,0,0,0,0,0,0,0,0,0,0,0,0,0,0,0,0,0,0,0,0,0,0,0,0,0,0,1800,3690,7420,16600,78600.0,183000,319000,404000,582000.0,1070000.0,2010000,3780000.0,5450000,6470000,6540000,7020000,8420000.0,12500000.0,18800000,23800000.0,27400000.0,28100000.0,27900000,28800000.0,30600000,30900000,30500000.0,29100000.0,27600000,24500000.0,20700000.0,18500000.0,16500000,17000000.0,18800000.0,0.0
British Virgin Islands,0,0,0,0,0,0,0,0,0,0,0,0,0,0,0,0,0,0,0,0,0,0,0,0,0,0,0,0,0,0,0,0,0.0,0,0,0,1200.0,0.0,0,0.0,0,0,8000,0,0.0,0.0,0,20700.0,23000.0,47000.0,47500,46600.0,48700,53400,54800.0,57200.0,39700,44000.0,40000.0,39500.0,35200,37600.0,0.0,0.0
Virgin Islands (U.S.),0,0,0,0,0,0,0,0,0,0,0,0,0,0,0,0,0,0,0,0,0,0,0,0,0,0,0,0,0,0,0,0,0.0,0,0,0,0.0,16000.0,25000,30000.0,35000,41000,45100,49300,64200.0,80300.0,0,0.0,0.0,0.0,0,0.0,0,0,0.0,0.0,0,0.0,0.0,80000.0,80000,80000.0,0.0,0.0
Vietnam,0,0,0,0,0,0,0,0,0,0,0,0,0,0,0,0,0,0,0,0,0,0,0,0,0,0,0,0,0,0,0,0,800.0,4060,12500,23500,68900.0,160000.0,223000,329000.0,789000,1250000,1900000,2740000,4960000.0,9590000.0,18900000,45000000.0,74900000.0,98200000.0,112000000,127000000.0,132000000,124000000,136000000.0,120000000.0,121000000,120000000.0,141000000.0,136000000.0,139000000,135000000.0,137000000.0,131000000.0
Vanuatu,0,0,0,0,0,0,0,0,0,0,0,0,0,0,0,0,0,0,0,0,0,0,0,0,0,0,0,0,0,0,0,0,0.0,0,64,121,154.0,207.0,220,300.0,365,350,4900,7800,10500.0,12700.0,15000,26000.0,36000.0,132000.0,170000,137000.0,146000,127000,156000.0,175000.0,219000,228000.0,251000.0,265000.0,246000,250000.0,256000.0,0.0
Samoa,0,0,0,0,0,0,0,0,0,0,0,0,0,0,0,0,0,0,0,0,0,0,0,0,0,0,0,0,0,0,0,0,0.0,0,0,0,0.0,766.0,1480,2430.0,2500,2500,2700,10500,16000.0,24000.0,45500,86000.0,0.0,0.0,90000,0.0,100000,99900,107000.0,121000.0,151000,124000.0,100000.0,84000.0,69000,69000.0,134000.0,0.0
Yemen,0,0,0,0,0,0,0,0,0,0,0,0,0,0,0,0,0,0,0,0,0,0,0,0,0,0,0,0,0,0,0,0,1550.0,5170,8190,8250,8810.0,12200.0,16100,27700.0,32000,148000,487000,675000,1480000.0,2280000.0,2980000,4350000.0,6450000.0,8310000.000000001,11100000,11700000.0,13900000,16800000,17100000.0,15000000.0,16400000,15400000.0,15300000.0,15200000.0,15200000,17800000.0,17800000.0,20000000.0
South Africa,0,0,0,0,0,0,0,0,0,0,0,0,0,0,0,0,0,0,0,0,0,0,0,0,0,0,0,0,0,3980,5680,7100,12500.0,40000,340000,535000,953000.0,1840000.0,3340000,5190000.0,8340000,10800000,13700000,16900000,20800000.0,34000000.0,39700000,42300000.0,45000000.0,46400000.0,50400000,64000000.0,68400000,76900000,79300000.0,88000000.0,82400000,88500000.0,92400000.0,97000000.0,96000000,100000000.0,100000000.0,108000000.0
Zambia,0,0,0,0,0,0,0,0,0,0,0,0,0,0,0,0,0,0,0,0,0,0,0,0,0,0,0,0,0,0,0,0,0.0,0,0,1550,2720.0,4550.0,8260,28200.0,98900,121000,139000,241000,464000.0,950000.0,1660000,2640000.0,3540000.0,4410000.0,5450000,8160000.0,10500000,10400000,10100000.0,11600000.0,12000000,13400000.0,15500000.0,17200000.0,19100000,20200000.0,19800000.0,21200000.0
Zimbabwe,0,0,0,0,0,0,0,0,0,0,0,0,0,0,0,0,0,0,0,0,0,0,0,0,0,0,0,0,0,0,0,0,0.0,0,0,0,0.0,5730.0,19000,174000.0,266000,314000,339000,364000,426000.0,647000.0,849000,1230000.0,1650000.0,3990000.0,7700000,9200000.0,12600000,13600000,11800000.0,12800000.0,12900000,14100000.0,12900000.0,13200000.0,13200000,14300000.0,14300000.0,15000000.0
